survey_id,employee_id,survey_date,overall_satisfaction,job_spell_alignment,magical_involvement,team_relationships,management_trust_level,comment
1,1,2024-10-18,Dissatisfied,Very Dissatisfied,Neutral,Cold,Magically Bonded,Base public require participant something right single newspaper off turn east size scene music.
2,2,2024-06-06,Satisfied,Dissatisfied,Disengaged,Magically Bonded,Hostile,
3,3,2024-09-01,Very Satisfied,Satisfied,Disengaged,Friendly,Hostile,
4,4,2024-06-08,Satisfied,Neutral,Highly Engaged,Cold,Magically Bonded,
5,5,2025-02-16,Dissatisfied,Dissatisfied,Engaged,Friendly,Magically Bonded,
6,6,2024-04-01,Neutral,Satisfied,Engaged,Magically Bonded,Hostile,
7,7,2024-06-18,Very Satisfied,Dissatisfied,Neutral,Hostile,Hostile,
8,8,2024-06-07,Neutral,Very Satisfied,Engaged,Neutral,Cold,
9,9,2024-10-28,Neutral,Dissatisfied,Highly Engaged,Neutral,Neutral,
10,10,2024-06-24,Very Satisfied,Very Satisfied,Highly Engaged,Cold,Magically Bonded,Education well heart everybody according scientist maintain forget hear out it nearly.
11,11,2024-10-06,Neutral,Satisfied,Neutral,Magically Bonded,Neutral,
12,12,2024-10-17,Very Satisfied,Dissatisfied,Neutral,Friendly,Cold,Away determine represent smile agree approach likely box sometimes bag.
13,13,2025-01-29,Satisfied,Dissatisfied,Engaged,Hostile,Friendly,
14,14,2025-02-11,Very Satisfied,Satisfied,Engaged,Friendly,Hostile,
15,15,2025-03-10,Satisfied,Very Dissatisfied,Neutral,Neutral,Neutral,
16,16,2024-10-04,Very Dissatisfied,Dissatisfied,Disengaged,Hostile,Magically Bonded,Green reach unit bank reveal candidate American other administration approach hard magazine evening Democrat.
17,17,2024-06-01,Neutral,Neutral,Neutral,Magically Bonded,Magically Bonded,
18,18,2025-02-08,Neutral,Neutral,Engaged,Magically Bonded,Hostile,
19,19,2024-08-10,Very Dissatisfied,Dissatisfied,Disengaged,Magically Bonded,Hostile,Trade now long ground many performance treat increase manage including activity rise sign without decision.
20,20,2024-05-20,Dissatisfied,Very Satisfied,Somewhat Engaged,Magically Bonded,Neutral,
21,21,2025-03-22,Satisfied,Dissatisfied,Somewhat Engaged,Cold,Hostile,
22,22,2024-09-12,Satisfied,Very Satisfied,Highly Engaged,Hostile,Neutral,
23,23,2025-04-01,Very Satisfied,Neutral,Engaged,Cold,Hostile,Few you education claim recently usually purpose when situation adult continue case head yard.
24,24,2025-03-23,Satisfied,Satisfied,Neutral,Neutral,Hostile,
25,25,2024-04-04,Satisfied,Dissatisfied,Highly Engaged,Neutral,Neutral,Look rock indicate trip according respond focus risk unit positive collection responsibility surface perform they.
26,26,2024-11-07,Satisfied,Very Satisfied,Somewhat Engaged,Friendly,Magically Bonded,
27,27,2025-02-13,Very Dissatisfied,Very Dissatisfied,Neutral,Hostile,Neutral,Yourself enter child actually movie cup audience win.
28,28,2024-07-13,Very Dissatisfied,Very Satisfied,Highly Engaged,Cold,Neutral,
29,29,2024-05-07,Satisfied,Dissatisfied,Engaged,Cold,Magically Bonded,
30,30,2024-11-20,Very Satisfied,Dissatisfied,Disengaged,Cold,Cold,
31,31,2025-01-05,Dissatisfied,Dissatisfied,Somewhat Engaged,Friendly,Cold,Agreement defense tree imagine rock nation mission notice unit reality line end spend happen federal.
32,32,2025-01-09,Neutral,Neutral,Highly Engaged,Friendly,Hostile,
33,33,2025-03-31,Satisfied,Neutral,Highly Engaged,Hostile,Magically Bonded,
34,34,2025-01-29,Very Satisfied,Satisfied,Neutral,Neutral,Magically Bonded,Phone tough deal red democratic fear share theory walk minute.
35,35,2024-09-22,Very Satisfied,Neutral,Engaged,Cold,Magically Bonded,
36,36,2024-10-31,Dissatisfied,Very Dissatisfied,Engaged,Cold,Cold,
37,37,2024-08-03,Neutral,Dissatisfied,Somewhat Engaged,Neutral,Cold,
38,38,2024-04-02,Dissatisfied,Very Dissatisfied,Neutral,Magically Bonded,Friendly,
39,39,2024-04-01,Satisfied,Very Satisfied,Engaged,Cold,Neutral,
40,40,2024-12-24,Satisfied,Dissatisfied,Highly Engaged,Friendly,Magically Bonded,Million behavior new senior sound floor book administration yeah audience across actually public approach general big.
41,41,2024-10-31,Very Satisfied,Very Satisfied,Engaged,Neutral,Cold,
42,42,2025-02-08,Neutral,Dissatisfied,Neutral,Magically Bonded,Cold,
43,43,2024-11-11,Satisfied,Satisfied,Highly Engaged,Hostile,Magically Bonded,
44,44,2024-08-27,Dissatisfied,Satisfied,Highly Engaged,Neutral,Neutral,
45,45,2024-06-27,Neutral,Satisfied,Disengaged,Hostile,Magically Bonded,First especially better that new kind stand floor father region many or hour.
46,46,2024-09-18,Neutral,Dissatisfied,Somewhat Engaged,Cold,Neutral,Than turn goal within production change investment.
47,47,2024-04-10,Dissatisfied,Very Satisfied,Disengaged,Magically Bonded,Neutral,
48,48,2024-05-09,Very Satisfied,Dissatisfied,Neutral,Hostile,Magically Bonded,
49,49,2024-08-13,Dissatisfied,Very Satisfied,Somewhat Engaged,Hostile,Magically Bonded,This majority media this new pretty stuff similar least agreement scene radio.
50,50,2025-02-06,Very Satisfied,Satisfied,Highly Engaged,Friendly,Neutral,
51,51,2024-05-15,Very Satisfied,Neutral,Highly Engaged,Friendly,Hostile,Appear each skill radio house responsibility leave brother house close door significant head.
52,52,2024-05-19,Very Satisfied,Neutral,Neutral,Friendly,Magically Bonded,
53,53,2025-03-18,Dissatisfied,Dissatisfied,Neutral,Magically Bonded,Magically Bonded,
54,54,2024-07-14,Neutral,Satisfied,Neutral,Hostile,Friendly,
55,55,2024-07-25,Very Dissatisfied,Satisfied,Neutral,Cold,Neutral,Body possible particular never situation able at forward ahead wear approach before still position machine mind.
56,56,2025-01-18,Very Dissatisfied,Neutral,Neutral,Cold,Friendly,
57,57,2024-06-26,Satisfied,Neutral,Highly Engaged,Friendly,Magically Bonded,Prepare there simple agency shoulder recognize well should call reveal across.
58,58,2024-05-14,Very Dissatisfied,Satisfied,Disengaged,Neutral,Cold,
59,59,2025-02-15,Very Satisfied,Dissatisfied,Neutral,Hostile,Neutral,
60,60,2024-11-08,Dissatisfied,Neutral,Neutral,Cold,Neutral,
61,61,2024-09-18,Dissatisfied,Very Dissatisfied,Disengaged,Magically Bonded,Cold,
62,62,2024-12-02,Very Satisfied,Very Dissatisfied,Highly Engaged,Magically Bonded,Friendly,
63,63,2024-11-14,Neutral,Dissatisfied,Neutral,Magically Bonded,Hostile,
64,64,2025-03-16,Very Dissatisfied,Neutral,Engaged,Hostile,Hostile,Professor deal half ground various seek purpose thank view state may crime model.
65,65,2024-12-21,Neutral,Very Dissatisfied,Highly Engaged,Magically Bonded,Friendly,
66,66,2024-06-27,Neutral,Very Satisfied,Highly Engaged,Magically Bonded,Cold,
67,67,2024-07-05,Very Satisfied,Dissatisfied,Neutral,Friendly,Cold,Likely reality west body off green staff game record difficult.
68,68,2024-05-21,Very Dissatisfied,Very Satisfied,Disengaged,Cold,Neutral,Note herself door huge drug figure arrive yeah military pretty reflect leave might.
69,69,2024-09-15,Dissatisfied,Satisfied,Somewhat Engaged,Friendly,Neutral,
70,70,2024-08-09,Neutral,Very Satisfied,Disengaged,Hostile,Hostile,
71,71,2025-02-28,Very Dissatisfied,Very Satisfied,Somewhat Engaged,Neutral,Neutral,Within themselves notice bank black everyone which turn attack them someone free wish end let inside.
72,72,2025-03-07,Dissatisfied,Dissatisfied,Disengaged,Hostile,Neutral,
73,73,2024-07-15,Neutral,Dissatisfied,Highly Engaged,Friendly,Neutral,
74,74,2024-07-13,Neutral,Very Dissatisfied,Disengaged,Magically Bonded,Friendly,
75,75,2024-06-28,Satisfied,Neutral,Engaged,Friendly,Friendly,
76,76,2024-05-20,Very Dissatisfied,Very Satisfied,Engaged,Magically Bonded,Friendly,
77,77,2025-01-21,Very Satisfied,Very Satisfied,Engaged,Friendly,Cold,Anyone step try remain church me off lot talk.
78,78,2025-01-25,Very Dissatisfied,Very Dissatisfied,Engaged,Friendly,Magically Bonded,
79,79,2024-05-27,Satisfied,Satisfied,Disengaged,Cold,Friendly,
80,80,2025-01-12,Very Satisfied,Very Satisfied,Engaged,Neutral,Friendly,
81,81,2024-05-13,Dissatisfied,Neutral,Engaged,Friendly,Cold,
82,82,2024-07-30,Very Satisfied,Dissatisfied,Disengaged,Magically Bonded,Hostile,
83,83,2025-02-28,Very Satisfied,Dissatisfied,Engaged,Friendly,Cold,Focus class get not sit community step community yourself analysis last without yeah.
84,84,2024-06-09,Neutral,Dissatisfied,Engaged,Magically Bonded,Neutral,
85,85,2024-07-01,Satisfied,Very Satisfied,Highly Engaged,Cold,Magically Bonded,
86,86,2024-04-11,Satisfied,Very Satisfied,Highly Engaged,Cold,Friendly,
87,87,2024-05-23,Dissatisfied,Satisfied,Disengaged,Magically Bonded,Hostile,
88,88,2025-03-19,Satisfied,Neutral,Somewhat Engaged,Hostile,Neutral,But continue appear benefit our first need show media.
89,89,2024-07-23,Very Satisfied,Neutral,Somewhat Engaged,Hostile,Friendly,
90,90,2024-08-16,Very Dissatisfied,Very Dissatisfied,Disengaged,Magically Bonded,Neutral,Decade beyond nature energy that past teach will suffer group.
91,91,2024-12-03,Very Satisfied,Neutral,Disengaged,Neutral,Hostile,
92,92,2024-12-14,Very Dissatisfied,Very Dissatisfied,Disengaged,Magically Bonded,Cold,
93,93,2024-04-17,Dissatisfied,Very Satisfied,Engaged,Cold,Cold,
94,94,2024-08-01,Dissatisfied,Very Dissatisfied,Disengaged,Neutral,Cold,
95,95,2024-06-07,Dissatisfied,Very Dissatisfied,Disengaged,Magically Bonded,Neutral,
96,96,2024-09-28,Very Dissatisfied,Neutral,Highly Engaged,Friendly,Neutral,
97,97,2025-01-12,Very Satisfied,Dissatisfied,Neutral,Magically Bonded,Hostile,Sign along some success affect situation evidence travel cause address ready.
98,98,2024-12-27,Satisfied,Very Dissatisfied,Engaged,Neutral,Neutral,
99,99,2025-03-13,Dissatisfied,Satisfied,Engaged,Magically Bonded,Neutral,Important could across team line during than term behavior strong hand project appear Mr outside reduce.
100,100,2024-04-13,Dissatisfied,Satisfied,Somewhat Engaged,Hostile,Friendly,
101,101,2025-03-15,Neutral,Neutral,Engaged,Friendly,Magically Bonded,
102,102,2024-04-27,Very Dissatisfied,Dissatisfied,Neutral,Hostile,Hostile,Also generation argue kitchen act popular beyond best last investment exactly least.
103,103,2024-05-31,Very Dissatisfied,Neutral,Engaged,Magically Bonded,Friendly,
104,104,2025-01-12,Neutral,Very Dissatisfied,Neutral,Magically Bonded,Magically Bonded,
105,105,2024-06-07,Neutral,Very Satisfied,Disengaged,Neutral,Neutral,
106,106,2025-01-26,Neutral,Dissatisfied,Engaged,Friendly,Neutral,
107,107,2024-04-11,Dissatisfied,Dissatisfied,Disengaged,Neutral,Neutral,
108,108,2024-12-10,Dissatisfied,Very Dissatisfied,Highly Engaged,Neutral,Neutral,
109,109,2024-08-15,Very Satisfied,Satisfied,Engaged,Cold,Magically Bonded,Box can design law region either toward heart capital fight.
110,110,2024-09-27,Satisfied,Neutral,Disengaged,Magically Bonded,Friendly,Consumer environment send sign weight raise play student mention attention different.
111,111,2024-04-15,Dissatisfied,Satisfied,Engaged,Friendly,Cold,
112,112,2025-02-09,Satisfied,Very Dissatisfied,Highly Engaged,Magically Bonded,Magically Bonded,
113,113,2025-01-14,Very Dissatisfied,Very Satisfied,Neutral,Neutral,Cold,Senior involve ground president memory speech cold rule turn she work those.
114,114,2025-01-30,Very Satisfied,Dissatisfied,Disengaged,Cold,Neutral,
115,115,2024-04-15,Very Dissatisfied,Neutral,Neutral,Cold,Neutral,
116,116,2024-10-05,Satisfied,Dissatisfied,Engaged,Neutral,Magically Bonded,
117,117,2024-07-06,Dissatisfied,Dissatisfied,Disengaged,Cold,Neutral,
118,118,2024-05-23,Dissatisfied,Dissatisfied,Somewhat Engaged,Magically Bonded,Magically Bonded,
119,119,2024-07-01,Neutral,Very Satisfied,Disengaged,Hostile,Friendly,
120,120,2024-10-30,Very Satisfied,Very Dissatisfied,Highly Engaged,Friendly,Magically Bonded,
121,121,2025-01-09,Satisfied,Dissatisfied,Disengaged,Cold,Hostile,
122,122,2024-06-18,Satisfied,Very Satisfied,Disengaged,Hostile,Neutral,
123,123,2024-10-14,Very Dissatisfied,Satisfied,Disengaged,Friendly,Magically Bonded,Three someone century hair cultural front even.
124,124,2024-08-12,Satisfied,Satisfied,Engaged,Cold,Cold,
125,125,2024-04-11,Very Satisfied,Neutral,Disengaged,Hostile,Hostile,
126,126,2024-07-14,Neutral,Dissatisfied,Disengaged,Cold,Hostile,
127,127,2024-09-17,Satisfied,Very Satisfied,Somewhat Engaged,Cold,Hostile,Hair only wait learn decade according behavior window increase.
128,128,2024-10-19,Very Satisfied,Very Satisfied,Neutral,Friendly,Magically Bonded,
129,129,2025-01-17,Neutral,Dissatisfied,Disengaged,Magically Bonded,Neutral,Tell under oil language so probably science best second push movie condition large nor mother.
130,130,2024-09-22,Dissatisfied,Neutral,Somewhat Engaged,Magically Bonded,Neutral,
131,131,2024-04-11,Satisfied,Very Dissatisfied,Highly Engaged,Hostile,Hostile,
132,132,2024-04-18,Very Satisfied,Very Dissatisfied,Highly Engaged,Hostile,Neutral,
133,133,2024-10-26,Neutral,Very Satisfied,Engaged,Magically Bonded,Cold,Edge southern large country threat southern try security lose.
134,134,2024-08-01,Very Dissatisfied,Satisfied,Somewhat Engaged,Hostile,Cold,Thank particular sport the per figure pass concern responsibility wear effort test build last increase entire.
135,135,2025-03-19,Neutral,Dissatisfied,Highly Engaged,Hostile,Friendly,Visit check per admit whom shake town base military situation none notice step.
136,136,2025-01-12,Very Dissatisfied,Dissatisfied,Disengaged,Neutral,Cold,
137,137,2025-03-23,Very Satisfied,Dissatisfied,Neutral,Friendly,Hostile,Risk student expert east card sea figure former.
138,138,2024-10-08,Neutral,Dissatisfied,Engaged,Magically Bonded,Neutral,
139,139,2024-07-04,Dissatisfied,Neutral,Highly Engaged,Cold,Magically Bonded,
140,140,2024-08-23,Very Satisfied,Neutral,Engaged,Friendly,Neutral,Line world cause film continue trade evidence know others west notice onto smile.
141,141,2024-07-19,Very Satisfied,Neutral,Somewhat Engaged,Cold,Hostile,Score other time test conference apply weight shake ok.
142,142,2024-09-11,Very Satisfied,Very Satisfied,Disengaged,Neutral,Cold,
143,143,2024-11-04,Satisfied,Neutral,Highly Engaged,Neutral,Friendly,Card main next east single respond economic hundred.
144,144,2024-12-27,Neutral,Dissatisfied,Highly Engaged,Hostile,Hostile,
145,145,2024-11-07,Neutral,Dissatisfied,Disengaged,Friendly,Hostile,
146,146,2024-08-28,Very Dissatisfied,Neutral,Highly Engaged,Hostile,Neutral,
147,147,2024-11-02,Very Satisfied,Very Satisfied,Highly Engaged,Friendly,Neutral,
148,148,2024-06-20,Very Dissatisfied,Dissatisfied,Disengaged,Magically Bonded,Hostile,
149,149,2024-09-21,Satisfied,Neutral,Neutral,Cold,Neutral,
150,150,2024-09-09,Neutral,Satisfied,Disengaged,Magically Bonded,Hostile,
151,151,2025-03-21,Very Satisfied,Very Dissatisfied,Neutral,Hostile,Hostile,
152,152,2024-11-23,Very Dissatisfied,Neutral,Somewhat Engaged,Cold,Magically Bonded,
153,153,2024-11-08,Neutral,Satisfied,Highly Engaged,Neutral,Friendly,
154,154,2024-04-27,Very Satisfied,Very Dissatisfied,Engaged,Cold,Hostile,
155,155,2024-11-09,Very Dissatisfied,Very Satisfied,Somewhat Engaged,Hostile,Friendly,
156,156,2024-10-17,Satisfied,Satisfied,Highly Engaged,Cold,Cold,
157,157,2024-12-06,Very Satisfied,Satisfied,Disengaged,Neutral,Cold,
158,158,2024-12-11,Dissatisfied,Dissatisfied,Engaged,Hostile,Cold,
159,159,2025-03-30,Satisfied,Satisfied,Highly Engaged,Cold,Hostile,Tell scene owner art tend something several under security enough keep ten.
160,160,2024-06-11,Very Dissatisfied,Satisfied,Somewhat Engaged,Magically Bonded,Neutral,
161,161,2025-02-02,Dissatisfied,Very Dissatisfied,Somewhat Engaged,Friendly,Neutral,Author pay receive bit fast pick add.
162,162,2024-08-04,Dissatisfied,Satisfied,Engaged,Neutral,Neutral,
163,163,2024-12-01,Satisfied,Satisfied,Highly Engaged,Cold,Hostile,
164,164,2024-09-14,Satisfied,Dissatisfied,Disengaged,Magically Bonded,Magically Bonded,
165,165,2025-01-31,Neutral,Dissatisfied,Disengaged,Cold,Magically Bonded,
166,166,2024-05-03,Neutral,Neutral,Disengaged,Magically Bonded,Magically Bonded,Camera police much attorney officer officer television best reach work.
167,167,2024-11-28,Satisfied,Very Dissatisfied,Highly Engaged,Magically Bonded,Hostile,
168,168,2024-05-30,Neutral,Very Dissatisfied,Engaged,Neutral,Magically Bonded,Writer Republican build lose kid open peace wish my between north moment decision side.
169,169,2024-12-23,Dissatisfied,Dissatisfied,Highly Engaged,Neutral,Magically Bonded,
170,170,2024-06-11,Very Satisfied,Satisfied,Highly Engaged,Hostile,Neutral,
171,171,2024-06-22,Satisfied,Very Dissatisfied,Engaged,Neutral,Neutral,
172,172,2024-10-28,Satisfied,Dissatisfied,Engaged,Neutral,Neutral,
173,173,2024-12-08,Neutral,Dissatisfied,Highly Engaged,Cold,Hostile,
174,174,2025-02-22,Very Satisfied,Very Satisfied,Disengaged,Friendly,Magically Bonded,
175,175,2024-10-03,Dissatisfied,Very Dissatisfied,Somewhat Engaged,Friendly,Friendly,
176,176,2024-06-22,Dissatisfied,Dissatisfied,Disengaged,Hostile,Cold,
177,177,2024-11-01,Satisfied,Very Satisfied,Disengaged,Friendly,Friendly,
178,178,2024-08-31,Satisfied,Very Dissatisfied,Engaged,Friendly,Cold,Style too challenge court drug stop week.
179,179,2024-10-08,Very Satisfied,Dissatisfied,Engaged,Neutral,Cold,
180,180,2025-03-17,Very Dissatisfied,Neutral,Somewhat Engaged,Hostile,Hostile,
181,181,2025-01-13,Satisfied,Neutral,Somewhat Engaged,Friendly,Neutral,
182,182,2024-06-01,Satisfied,Neutral,Neutral,Friendly,Magically Bonded,
183,183,2024-08-26,Very Satisfied,Very Satisfied,Disengaged,Magically Bonded,Neutral,
184,184,2024-08-08,Very Satisfied,Very Satisfied,Disengaged,Magically Bonded,Hostile,
185,185,2025-03-13,Satisfied,Very Dissatisfied,Neutral,Hostile,Hostile,
186,186,2024-11-07,Neutral,Satisfied,Highly Engaged,Cold,Neutral,
187,187,2025-01-26,Dissatisfied,Very Satisfied,Somewhat Engaged,Hostile,Neutral,Share over house law detail her little.
188,188,2024-06-13,Neutral,Neutral,Disengaged,Magically Bonded,Cold,
189,189,2024-11-24,Very Dissatisfied,Satisfied,Highly Engaged,Neutral,Neutral,
190,190,2024-08-15,Dissatisfied,Neutral,Engaged,Friendly,Hostile,
191,191,2024-09-24,Neutral,Satisfied,Neutral,Hostile,Hostile,Should again take today everything allow party upon good trade product its east long guy.
192,192,2024-05-04,Very Dissatisfied,Very Satisfied,Highly Engaged,Friendly,Friendly,
193,193,2025-02-11,Neutral,Dissatisfied,Somewhat Engaged,Neutral,Cold,
194,194,2024-10-28,Very Satisfied,Dissatisfied,Somewhat Engaged,Hostile,Cold,Sometimes fire newspaper hear pattern air morning game tend race their.
195,195,2024-07-08,Very Satisfied,Very Dissatisfied,Highly Engaged,Hostile,Hostile,Similar us cut culture mind personal data medical project after wife try.
196,196,2025-03-06,Very Satisfied,Dissatisfied,Engaged,Hostile,Hostile,
197,197,2024-10-04,Very Dissatisfied,Very Dissatisfied,Highly Engaged,Neutral,Hostile,Third save store how one son yes nothing tell.
198,198,2024-11-25,Neutral,Very Dissatisfied,Disengaged,Magically Bonded,Hostile,
199,199,2024-04-23,Very Dissatisfied,Neutral,Neutral,Hostile,Neutral,
200,200,2024-06-23,Very Satisfied,Dissatisfied,Engaged,Neutral,Cold,Be door sense drive agency man approach.
201,201,2024-11-25,Satisfied,Satisfied,Highly Engaged,Cold,Magically Bonded,
202,202,2024-09-25,Satisfied,Satisfied,Disengaged,Magically Bonded,Magically Bonded,
203,203,2024-11-05,Very Dissatisfied,Very Dissatisfied,Somewhat Engaged,Neutral,Hostile,Great stuff trip process him theory social traditional pick play most child small.
204,204,2024-12-03,Neutral,Very Dissatisfied,Disengaged,Cold,Friendly,Son real fly cup want idea particularly will think necessary art form.
205,205,2025-03-29,Neutral,Neutral,Neutral,Friendly,Magically Bonded,Especially break window short oil green million study specific rich born our last with military.
206,206,2024-06-14,Dissatisfied,Satisfied,Neutral,Cold,Cold,Really foot each pretty save through write action including why run agreement story.
207,207,2025-02-16,Very Dissatisfied,Neutral,Disengaged,Neutral,Hostile,
208,208,2024-10-28,Satisfied,Satisfied,Neutral,Magically Bonded,Magically Bonded,
209,209,2024-11-03,Very Dissatisfied,Satisfied,Neutral,Neutral,Neutral,
210,210,2024-04-21,Satisfied,Satisfied,Somewhat Engaged,Friendly,Neutral,
211,211,2024-09-18,Satisfied,Very Dissatisfied,Disengaged,Neutral,Hostile,
212,212,2025-02-11,Very Dissatisfied,Dissatisfied,Engaged,Hostile,Neutral,
213,213,2024-04-05,Very Dissatisfied,Very Dissatisfied,Neutral,Friendly,Hostile,
214,214,2024-11-10,Satisfied,Dissatisfied,Neutral,Hostile,Friendly,
215,215,2024-12-24,Very Satisfied,Satisfied,Disengaged,Friendly,Cold,
216,216,2024-04-12,Satisfied,Dissatisfied,Neutral,Cold,Friendly,Others most everyone keep yeah reduce financial great today behavior clearly.
217,217,2025-02-21,Neutral,Very Satisfied,Neutral,Magically Bonded,Neutral,
218,218,2024-10-11,Dissatisfied,Very Satisfied,Engaged,Neutral,Cold,
219,219,2024-08-28,Dissatisfied,Very Satisfied,Neutral,Neutral,Magically Bonded,Foreign middle entire door fill rise attention along will.
220,220,2024-09-03,Dissatisfied,Neutral,Neutral,Neutral,Neutral,
221,221,2024-12-01,Satisfied,Neutral,Somewhat Engaged,Magically Bonded,Friendly,Whole sometimes decide fast nice idea inside prevent past dinner participant it alone her very.
222,222,2024-07-30,Satisfied,Satisfied,Neutral,Neutral,Neutral,Become ahead human national increase indicate financial.
223,223,2024-06-03,Very Dissatisfied,Dissatisfied,Somewhat Engaged,Cold,Cold,
224,224,2024-08-28,Neutral,Satisfied,Engaged,Cold,Friendly,
225,225,2024-10-22,Very Satisfied,Neutral,Highly Engaged,Magically Bonded,Friendly,
226,226,2024-06-29,Neutral,Satisfied,Engaged,Friendly,Cold,
227,227,2024-12-19,Neutral,Very Satisfied,Engaged,Cold,Friendly,
228,228,2024-06-23,Dissatisfied,Dissatisfied,Highly Engaged,Magically Bonded,Cold,
229,229,2024-06-16,Very Satisfied,Dissatisfied,Highly Engaged,Magically Bonded,Hostile,Second environment charge hear new shake future suddenly recently particular present yourself amount green generation.
230,230,2024-09-14,Dissatisfied,Very Dissatisfied,Neutral,Hostile,Neutral,Education state make turn help market establish it visit defense.
231,231,2024-08-08,Dissatisfied,Very Satisfied,Disengaged,Cold,Friendly,
232,232,2024-09-07,Very Dissatisfied,Very Satisfied,Engaged,Friendly,Neutral,Behind whom pull recent structure nation culture eye adult hope third.
233,233,2024-06-29,Dissatisfied,Very Satisfied,Somewhat Engaged,Magically Bonded,Cold,
234,234,2024-11-29,Very Satisfied,Very Satisfied,Engaged,Friendly,Magically Bonded,
235,235,2024-08-15,Very Satisfied,Very Satisfied,Engaged,Magically Bonded,Magically Bonded,
236,236,2024-09-20,Neutral,Satisfied,Somewhat Engaged,Hostile,Magically Bonded,Different quickly provide relationship ahead near professional yard pay.
237,237,2025-02-05,Very Satisfied,Very Satisfied,Engaged,Hostile,Magically Bonded,Power group behavior force door story treatment professor ready current fact study get specific.
238,238,2025-03-16,Neutral,Neutral,Somewhat Engaged,Magically Bonded,Friendly,Any money require adult bar some including record must lay poor employee.
239,239,2025-02-01,Very Satisfied,Neutral,Highly Engaged,Magically Bonded,Magically Bonded,Table run meet out usually heart open.
240,240,2025-02-01,Very Satisfied,Neutral,Engaged,Neutral,Magically Bonded,
241,241,2024-05-20,Dissatisfied,Very Satisfied,Highly Engaged,Hostile,Friendly,
242,242,2024-11-15,Neutral,Very Satisfied,Engaged,Neutral,Neutral,
243,243,2024-05-08,Very Satisfied,Dissatisfied,Neutral,Magically Bonded,Neutral,
244,244,2024-04-03,Satisfied,Very Satisfied,Engaged,Neutral,Hostile,
245,245,2025-01-11,Very Satisfied,Satisfied,Highly Engaged,Neutral,Neutral,
246,246,2025-01-19,Dissatisfied,Very Satisfied,Highly Engaged,Hostile,Hostile,
247,247,2024-05-15,Neutral,Neutral,Disengaged,Magically Bonded,Friendly,
248,248,2025-03-12,Very Dissatisfied,Satisfied,Somewhat Engaged,Magically Bonded,Cold,
249,249,2024-05-13,Dissatisfied,Very Dissatisfied,Highly Engaged,Cold,Hostile,
250,250,2025-03-16,Neutral,Very Satisfied,Somewhat Engaged,Friendly,Cold,
251,251,2024-08-04,Neutral,Neutral,Neutral,Hostile,Cold,Unit wait near check occur sometimes course.
252,252,2024-06-22,Neutral,Dissatisfied,Disengaged,Hostile,Friendly,
253,253,2025-01-03,Dissatisfied,Neutral,Neutral,Hostile,Cold,
254,254,2025-02-03,Very Dissatisfied,Neutral,Somewhat Engaged,Magically Bonded,Friendly,
255,255,2024-06-10,Very Dissatisfied,Very Satisfied,Engaged,Cold,Neutral,Purpose set argue top house capital language sort pass.
256,256,2024-05-17,Neutral,Satisfied,Highly Engaged,Friendly,Hostile,Nor court so could allow treatment wrong voice particularly yourself.
257,257,2024-11-28,Very Dissatisfied,Satisfied,Neutral,Magically Bonded,Friendly,
258,258,2025-02-12,Very Dissatisfied,Very Satisfied,Engaged,Friendly,Friendly,
259,259,2024-12-23,Satisfied,Very Satisfied,Somewhat Engaged,Neutral,Friendly,Window current huge consider professional paper sell increase interview source company out.
260,260,2024-08-05,Very Satisfied,Satisfied,Disengaged,Neutral,Magically Bonded,Chance economy threat could use live become step race us charge meet sign value contain.
261,261,2024-08-20,Neutral,Satisfied,Highly Engaged,Magically Bonded,Friendly,
262,262,2024-10-19,Very Dissatisfied,Dissatisfied,Disengaged,Hostile,Magically Bonded,
263,263,2024-06-06,Neutral,Very Satisfied,Disengaged,Neutral,Magically Bonded,
264,264,2025-01-29,Satisfied,Very Satisfied,Highly Engaged,Magically Bonded,Magically Bonded,
265,265,2024-11-12,Neutral,Satisfied,Somewhat Engaged,Friendly,Magically Bonded,
266,266,2024-07-13,Very Dissatisfied,Dissatisfied,Highly Engaged,Friendly,Magically Bonded,
267,267,2025-01-17,Neutral,Dissatisfied,Disengaged,Cold,Friendly,Middle catch but blue report should room image threat reduce hospital front.
268,268,2024-12-12,Neutral,Very Dissatisfied,Somewhat Engaged,Neutral,Hostile,
269,269,2024-08-02,Very Dissatisfied,Very Satisfied,Engaged,Friendly,Friendly,
270,270,2025-01-12,Satisfied,Very Dissatisfied,Highly Engaged,Neutral,Hostile,Indicate accept position individual benefit sport war star no will election.
271,271,2025-01-21,Dissatisfied,Neutral,Engaged,Magically Bonded,Neutral,Minute law system lay guess development couple movie mouth.
272,272,2024-04-09,Very Satisfied,Dissatisfied,Disengaged,Cold,Magically Bonded,
273,273,2024-07-06,Satisfied,Very Dissatisfied,Engaged,Hostile,Hostile,Professor enjoy long brother able media fear whatever increase society.
274,274,2024-06-30,Dissatisfied,Satisfied,Highly Engaged,Hostile,Neutral,
275,275,2024-12-04,Satisfied,Neutral,Somewhat Engaged,Cold,Cold,
276,276,2025-01-16,Satisfied,Satisfied,Highly Engaged,Friendly,Hostile,
277,277,2024-11-03,Dissatisfied,Satisfied,Engaged,Cold,Hostile,
278,278,2024-07-19,Very Dissatisfied,Very Dissatisfied,Highly Engaged,Neutral,Magically Bonded,
279,279,2025-03-08,Very Dissatisfied,Satisfied,Somewhat Engaged,Cold,Magically Bonded,
280,280,2024-10-28,Satisfied,Dissatisfied,Engaged,Cold,Hostile,
281,281,2025-03-26,Dissatisfied,Satisfied,Somewhat Engaged,Hostile,Cold,
282,282,2024-11-04,Very Dissatisfied,Satisfied,Neutral,Friendly,Friendly,
283,283,2025-01-21,Very Dissatisfied,Dissatisfied,Highly Engaged,Cold,Neutral,
284,284,2024-08-31,Neutral,Satisfied,Engaged,Hostile,Hostile,
285,285,2024-11-18,Neutral,Satisfied,Highly Engaged,Hostile,Magically Bonded,
286,286,2024-07-29,Satisfied,Satisfied,Disengaged,Hostile,Neutral,
287,287,2024-05-28,Neutral,Very Dissatisfied,Highly Engaged,Friendly,Cold,
288,288,2024-09-11,Neutral,Very Satisfied,Engaged,Cold,Cold,Easy under science skin where relationship early.
289,289,2024-12-23,Very Dissatisfied,Very Dissatisfied,Somewhat Engaged,Hostile,Neutral,Very stay evening ever drug space prepare.
290,290,2025-03-20,Dissatisfied,Very Satisfied,Somewhat Engaged,Friendly,Cold,
291,291,2024-04-09,Neutral,Very Dissatisfied,Engaged,Friendly,Cold,Teach against move put since agree day toward art recognize.
292,292,2025-01-03,Dissatisfied,Satisfied,Engaged,Hostile,Cold,
293,293,2024-09-16,Very Dissatisfied,Very Dissatisfied,Engaged,Cold,Friendly,
294,294,2025-02-28,Very Dissatisfied,Neutral,Neutral,Neutral,Magically Bonded,
295,295,2025-01-22,Very Dissatisfied,Dissatisfied,Neutral,Friendly,Friendly,
296,296,2024-07-19,Satisfied,Neutral,Somewhat Engaged,Friendly,Neutral,Ask miss free establish certainly change remember key less feel happy.
297,297,2024-11-06,Very Satisfied,Dissatisfied,Neutral,Magically Bonded,Hostile,
298,298,2024-12-28,Dissatisfied,Neutral,Somewhat Engaged,Friendly,Magically Bonded,
299,299,2025-03-25,Very Satisfied,Neutral,Highly Engaged,Friendly,Hostile,
300,300,2024-07-20,Satisfied,Satisfied,Neutral,Neutral,Friendly,Quickly easy him place Mr field only finish culture policy attack while usually man.
301,301,2024-06-18,Satisfied,Dissatisfied,Disengaged,Friendly,Friendly,
302,302,2024-09-09,Very Dissatisfied,Very Dissatisfied,Highly Engaged,Friendly,Friendly,Put consider might sometimes special watch old send television wall indeed above.
303,303,2024-11-17,Neutral,Very Dissatisfied,Somewhat Engaged,Hostile,Neutral,
304,304,2024-07-20,Dissatisfied,Dissatisfied,Neutral,Hostile,Magically Bonded,
305,305,2024-08-03,Neutral,Neutral,Neutral,Magically Bonded,Neutral,Size author leave might author reduce prove adult well reality this course compare.
306,306,2024-11-25,Dissatisfied,Neutral,Disengaged,Hostile,Magically Bonded,
307,307,2024-05-19,Very Dissatisfied,Very Satisfied,Somewhat Engaged,Friendly,Magically Bonded,Grow thank security research point evidence entire figure five story international tree history.
308,308,2024-07-05,Very Satisfied,Very Satisfied,Disengaged,Hostile,Magically Bonded,
309,309,2024-08-14,Neutral,Satisfied,Somewhat Engaged,Friendly,Cold,
310,310,2024-08-31,Very Dissatisfied,Very Satisfied,Highly Engaged,Hostile,Neutral,Appear tend watch hot although me art position.
311,311,2024-09-16,Very Satisfied,Very Dissatisfied,Disengaged,Magically Bonded,Magically Bonded,
312,312,2025-03-04,Dissatisfied,Dissatisfied,Somewhat Engaged,Cold,Friendly,Mention PM me natural weight be next bar maybe.
313,313,2024-06-19,Neutral,Neutral,Highly Engaged,Cold,Magically Bonded,
314,314,2025-02-14,Satisfied,Dissatisfied,Engaged,Hostile,Magically Bonded,Couple either away billion produce know Republican.
315,315,2024-06-25,Satisfied,Very Dissatisfied,Disengaged,Neutral,Cold,
316,316,2024-04-04,Neutral,Very Dissatisfied,Disengaged,Cold,Friendly,
317,317,2024-06-17,Satisfied,Dissatisfied,Disengaged,Magically Bonded,Magically Bonded,Alone condition region claim program wonder fund guy draw hair serve probably reduce with.
318,318,2025-01-07,Neutral,Very Satisfied,Disengaged,Hostile,Cold,
319,319,2024-10-31,Dissatisfied,Dissatisfied,Highly Engaged,Friendly,Magically Bonded,Who measure agency eye between gun bit drop move arrive half move position support oil.
320,320,2024-09-17,Dissatisfied,Very Dissatisfied,Somewhat Engaged,Magically Bonded,Hostile,Learn realize walk cost onto campaign control hair relationship perhaps network less everything dark.
321,321,2025-01-27,Very Dissatisfied,Dissatisfied,Disengaged,Magically Bonded,Friendly,
322,322,2025-03-17,Very Satisfied,Very Dissatisfied,Neutral,Friendly,Friendly,
323,323,2024-04-18,Dissatisfied,Dissatisfied,Disengaged,Cold,Cold,
324,324,2025-01-15,Neutral,Neutral,Engaged,Neutral,Friendly,Already ok eight consumer sort research avoid attention before them our others.
325,325,2024-08-17,Satisfied,Very Dissatisfied,Highly Engaged,Hostile,Neutral,
326,326,2024-04-01,Neutral,Satisfied,Highly Engaged,Neutral,Magically Bonded,Nearly national impact place goal behavior agree over.
327,327,2024-09-29,Neutral,Very Satisfied,Disengaged,Magically Bonded,Magically Bonded,
328,328,2024-12-23,Very Dissatisfied,Very Satisfied,Disengaged,Friendly,Cold,Bad eight production could late well institution above me hard move difference move decide democratic.
329,329,2024-06-03,Satisfied,Very Satisfied,Neutral,Cold,Hostile,
330,330,2024-05-30,Very Dissatisfied,Very Satisfied,Somewhat Engaged,Friendly,Cold,
331,331,2024-12-14,Satisfied,Dissatisfied,Neutral,Neutral,Neutral,
332,332,2025-01-15,Dissatisfied,Neutral,Engaged,Friendly,Friendly,
333,333,2024-11-14,Very Satisfied,Very Dissatisfied,Disengaged,Cold,Cold,
334,334,2025-01-28,Satisfied,Neutral,Neutral,Hostile,Magically Bonded,
335,335,2024-11-16,Very Dissatisfied,Satisfied,Disengaged,Magically Bonded,Cold,
336,336,2024-09-09,Satisfied,Neutral,Engaged,Neutral,Magically Bonded,
337,337,2024-09-04,Satisfied,Very Satisfied,Highly Engaged,Cold,Friendly,Plant dark order vote coach result also song cost table boy standard growth decide question.
338,338,2024-10-17,Satisfied,Satisfied,Disengaged,Neutral,Magically Bonded,Choice future person soon fish collection peace war.
339,339,2024-04-21,Very Satisfied,Very Satisfied,Neutral,Neutral,Cold,
340,340,2024-06-07,Satisfied,Satisfied,Somewhat Engaged,Neutral,Cold,
341,341,2024-10-08,Neutral,Neutral,Disengaged,Hostile,Hostile,
342,342,2025-02-12,Satisfied,Dissatisfied,Disengaged,Friendly,Magically Bonded,
343,343,2024-05-11,Dissatisfied,Very Dissatisfied,Neutral,Hostile,Neutral,
344,344,2025-03-29,Satisfied,Very Satisfied,Somewhat Engaged,Friendly,Hostile,
345,345,2024-11-06,Very Dissatisfied,Neutral,Disengaged,Hostile,Cold,
346,346,2024-04-22,Very Dissatisfied,Dissatisfied,Disengaged,Cold,Magically Bonded,
347,347,2024-12-25,Very Dissatisfied,Very Satisfied,Highly Engaged,Cold,Magically Bonded,
348,348,2025-02-15,Neutral,Very Satisfied,Disengaged,Hostile,Hostile,Power population heavy lay improve nature ago site new response final agent yard.
349,349,2025-01-21,Satisfied,Neutral,Somewhat Engaged,Hostile,Cold,
350,350,2025-02-14,Satisfied,Neutral,Engaged,Friendly,Friendly,
351,351,2025-03-11,Satisfied,Very Dissatisfied,Engaged,Friendly,Hostile,
352,352,2024-09-14,Very Dissatisfied,Neutral,Highly Engaged,Magically Bonded,Neutral,Also year environment truth whose letter security close song cell story.
353,353,2024-07-09,Very Satisfied,Very Dissatisfied,Engaged,Cold,Magically Bonded,
354,354,2024-11-26,Very Dissatisfied,Very Dissatisfied,Disengaged,Cold,Hostile,
355,355,2024-09-17,Neutral,Dissatisfied,Highly Engaged,Friendly,Hostile,
356,356,2024-08-24,Very Dissatisfied,Dissatisfied,Highly Engaged,Hostile,Cold,
357,357,2024-05-18,Very Dissatisfied,Neutral,Disengaged,Magically Bonded,Hostile,
358,358,2024-07-07,Neutral,Very Dissatisfied,Engaged,Neutral,Magically Bonded,
359,359,2024-07-01,Very Dissatisfied,Dissatisfied,Engaged,Magically Bonded,Hostile,
360,360,2024-06-05,Neutral,Very Dissatisfied,Somewhat Engaged,Friendly,Hostile,
361,361,2025-01-22,Dissatisfied,Neutral,Somewhat Engaged,Magically Bonded,Hostile,
362,362,2024-08-05,Very Satisfied,Very Dissatisfied,Highly Engaged,Hostile,Friendly,
363,363,2024-11-22,Neutral,Very Satisfied,Neutral,Friendly,Neutral,And successful few or bill hear item push contain prepare name message.
364,364,2025-02-28,Dissatisfied,Neutral,Somewhat Engaged,Magically Bonded,Neutral,
365,365,2024-07-26,Dissatisfied,Very Satisfied,Somewhat Engaged,Cold,Friendly,
366,366,2025-01-08,Very Satisfied,Neutral,Disengaged,Friendly,Friendly,
367,367,2025-02-09,Very Dissatisfied,Dissatisfied,Disengaged,Hostile,Neutral,Wrong edge street despite community prepare when home safe lot dream.
368,368,2025-02-02,Satisfied,Very Satisfied,Neutral,Neutral,Magically Bonded,
369,369,2024-10-21,Very Satisfied,Satisfied,Somewhat Engaged,Hostile,Hostile,
370,370,2024-11-23,Dissatisfied,Very Satisfied,Somewhat Engaged,Magically Bonded,Cold,
371,371,2024-11-06,Satisfied,Very Satisfied,Highly Engaged,Neutral,Cold,Where vote magazine high exactly stay process hundred name another adult magazine station letter hot word.
372,372,2025-03-23,Satisfied,Very Dissatisfied,Engaged,Hostile,Magically Bonded,
373,373,2024-10-02,Very Satisfied,Very Satisfied,Somewhat Engaged,Hostile,Neutral,Prepare sea protect heart scene seem point run series threat indicate hope nothing side window.
374,374,2024-07-09,Dissatisfied,Very Satisfied,Disengaged,Magically Bonded,Neutral,Television firm of guess research us why.
375,375,2024-09-16,Satisfied,Satisfied,Disengaged,Hostile,Hostile,
376,376,2024-06-12,Satisfied,Neutral,Neutral,Hostile,Hostile,
377,377,2024-12-11,Neutral,Neutral,Neutral,Magically Bonded,Hostile,
378,378,2024-04-19,Very Satisfied,Neutral,Neutral,Friendly,Cold,Build finally main work attorney pattern specific letter rule.
379,379,2024-06-19,Dissatisfied,Satisfied,Highly Engaged,Cold,Cold,
380,380,2024-11-09,Very Dissatisfied,Very Satisfied,Somewhat Engaged,Cold,Cold,
381,381,2024-09-19,Very Dissatisfied,Very Dissatisfied,Engaged,Magically Bonded,Friendly,
382,382,2025-02-10,Satisfied,Neutral,Neutral,Magically Bonded,Magically Bonded,
383,383,2024-05-28,Very Satisfied,Satisfied,Engaged,Magically Bonded,Hostile,Own way front story know full us bank seven born thousand up.
384,384,2024-07-25,Very Satisfied,Satisfied,Somewhat Engaged,Neutral,Hostile,
385,385,2024-04-15,Very Satisfied,Satisfied,Neutral,Cold,Neutral,
386,386,2024-08-14,Dissatisfied,Neutral,Disengaged,Neutral,Cold,
387,387,2024-08-24,Satisfied,Very Satisfied,Neutral,Cold,Neutral,
388,388,2025-01-15,Very Satisfied,Dissatisfied,Disengaged,Cold,Cold,
389,389,2025-02-08,Very Dissatisfied,Very Satisfied,Engaged,Hostile,Friendly,Value color glass join south actually task understand administration either inside probably until nice tax together.
390,390,2024-04-07,Dissatisfied,Neutral,Highly Engaged,Hostile,Magically Bonded,
391,391,2024-05-12,Satisfied,Satisfied,Highly Engaged,Magically Bonded,Hostile,
392,392,2024-05-15,Dissatisfied,Satisfied,Somewhat Engaged,Magically Bonded,Friendly,
393,393,2024-11-15,Very Satisfied,Neutral,Disengaged,Magically Bonded,Cold,Really man most run series behavior market peace television.
394,394,2024-04-19,Dissatisfied,Very Dissatisfied,Disengaged,Hostile,Hostile,Age letter firm art have common culture quality whose sell.
395,395,2024-04-04,Very Dissatisfied,Very Dissatisfied,Engaged,Cold,Hostile,
396,396,2024-06-01,Very Dissatisfied,Satisfied,Somewhat Engaged,Friendly,Friendly,
397,397,2024-12-29,Very Satisfied,Dissatisfied,Engaged,Hostile,Cold,Total action not she present fish during.
398,398,2024-04-29,Satisfied,Neutral,Engaged,Magically Bonded,Hostile,Against car way free life court record product may easy theory.
399,399,2025-02-07,Very Dissatisfied,Dissatisfied,Highly Engaged,Neutral,Cold,East speak scientist serious site attack quite treatment these option remain and machine computer garden.
400,400,2024-06-06,Neutral,Neutral,Disengaged,Magically Bonded,Cold,Mrs hand surface arrive side interview full company have seat carry bad size ready hard relationship.
401,401,2025-03-18,Dissatisfied,Dissatisfied,Highly Engaged,Cold,Cold,To risk able pattern since unit opportunity well idea report society.
402,402,2024-04-05,Neutral,Very Dissatisfied,Disengaged,Friendly,Magically Bonded,
403,403,2024-11-06,Very Dissatisfied,Dissatisfied,Highly Engaged,Cold,Hostile,
404,404,2024-09-01,Dissatisfied,Neutral,Disengaged,Neutral,Friendly,
405,405,2024-05-25,Very Dissatisfied,Dissatisfied,Somewhat Engaged,Magically Bonded,Hostile,
406,406,2024-11-04,Satisfied,Very Satisfied,Disengaged,Hostile,Neutral,
407,407,2024-11-22,Very Dissatisfied,Very Dissatisfied,Neutral,Friendly,Hostile,
408,408,2024-06-02,Satisfied,Neutral,Disengaged,Neutral,Friendly,
409,409,2024-07-13,Very Dissatisfied,Neutral,Disengaged,Hostile,Hostile,Operation over maybe stop a Congress defense close letter usually.
410,410,2024-08-24,Satisfied,Satisfied,Disengaged,Hostile,Magically Bonded,Fund vote idea enter reduce analysis response any standard.
411,411,2025-01-05,Satisfied,Satisfied,Highly Engaged,Cold,Neutral,Beat several science claim result protect on government course early let policy opportunity class.
412,412,2025-02-02,Dissatisfied,Satisfied,Engaged,Neutral,Magically Bonded,
413,413,2024-06-17,Very Satisfied,Very Dissatisfied,Engaged,Hostile,Neutral,
414,414,2024-09-18,Satisfied,Neutral,Highly Engaged,Neutral,Friendly,
415,415,2025-03-07,Neutral,Very Dissatisfied,Neutral,Friendly,Cold,
416,416,2024-10-04,Neutral,Very Satisfied,Neutral,Neutral,Cold,
417,417,2025-02-21,Very Satisfied,Neutral,Engaged,Magically Bonded,Friendly,
418,418,2025-03-04,Very Satisfied,Satisfied,Somewhat Engaged,Magically Bonded,Magically Bonded,
419,419,2024-10-09,Very Dissatisfied,Very Dissatisfied,Disengaged,Friendly,Hostile,
420,420,2024-06-19,Very Satisfied,Satisfied,Somewhat Engaged,Neutral,Friendly,
421,421,2025-02-08,Satisfied,Very Satisfied,Neutral,Neutral,Cold,
422,422,2025-02-24,Neutral,Satisfied,Neutral,Friendly,Neutral,
423,423,2024-05-02,Very Satisfied,Very Dissatisfied,Neutral,Hostile,Cold,
424,424,2025-03-08,Dissatisfied,Dissatisfied,Engaged,Neutral,Neutral,Couple heavy window meet interest benefit yard follow future good.
425,425,2024-09-08,Neutral,Very Satisfied,Disengaged,Hostile,Magically Bonded,
426,426,2024-11-23,Very Dissatisfied,Dissatisfied,Disengaged,Neutral,Friendly,
427,427,2024-04-11,Satisfied,Neutral,Disengaged,Hostile,Hostile,
428,428,2025-01-19,Very Satisfied,Very Satisfied,Highly Engaged,Hostile,Magically Bonded,
429,429,2024-11-23,Neutral,Very Dissatisfied,Neutral,Friendly,Friendly,Sense Mrs strong available author trip common particular.
430,430,2024-06-01,Satisfied,Neutral,Highly Engaged,Cold,Hostile,
431,431,2025-03-07,Very Satisfied,Neutral,Neutral,Neutral,Magically Bonded,
432,432,2024-04-01,Very Satisfied,Very Satisfied,Neutral,Cold,Cold,
433,433,2024-06-30,Neutral,Dissatisfied,Highly Engaged,Hostile,Neutral,
434,434,2024-12-07,Neutral,Neutral,Highly Engaged,Magically Bonded,Magically Bonded,American charge trip sister account add role happy fast five company heavy week.
435,435,2024-07-28,Dissatisfied,Neutral,Disengaged,Hostile,Neutral,Material soldier paper people important certainly bring yes student hospital choose.
436,436,2024-07-07,Very Satisfied,Very Dissatisfied,Neutral,Hostile,Neutral,
437,437,2025-02-05,Very Satisfied,Very Satisfied,Disengaged,Magically Bonded,Friendly,
438,438,2025-03-04,Very Satisfied,Dissatisfied,Neutral,Cold,Cold,
439,439,2024-08-11,Neutral,Neutral,Highly Engaged,Neutral,Friendly,
440,440,2024-04-30,Dissatisfied,Very Satisfied,Somewhat Engaged,Hostile,Hostile,Participant road beautiful PM role investment later.
441,441,2024-07-15,Neutral,Neutral,Engaged,Friendly,Friendly,
442,442,2024-08-22,Satisfied,Very Satisfied,Engaged,Neutral,Cold,
443,443,2024-11-13,Dissatisfied,Dissatisfied,Neutral,Neutral,Cold,
444,444,2024-04-07,Very Satisfied,Very Dissatisfied,Highly Engaged,Magically Bonded,Cold,
445,445,2024-10-18,Satisfied,Very Dissatisfied,Highly Engaged,Friendly,Neutral,Try actually agency line southern special age look million area item common.
446,446,2025-02-06,Very Satisfied,Satisfied,Engaged,Neutral,Hostile,Prevent middle lot behavior dark enter pressure we.
447,447,2024-09-19,Dissatisfied,Very Dissatisfied,Highly Engaged,Friendly,Friendly,
448,448,2025-02-14,Dissatisfied,Dissatisfied,Neutral,Friendly,Magically Bonded,Decision hair church degree plan meet company after arm dog side red.
449,449,2024-12-04,Very Satisfied,Dissatisfied,Engaged,Friendly,Cold,Politics alone instead itself PM section experience address scientist choice.
450,450,2024-09-24,Very Satisfied,Very Dissatisfied,Engaged,Cold,Friendly,
451,451,2024-11-21,Very Dissatisfied,Dissatisfied,Highly Engaged,Hostile,Cold,Voice maybe rule course raise every board stock reach discussion trouble.
452,452,2024-05-04,Very Dissatisfied,Neutral,Disengaged,Neutral,Cold,Moment right course pressure black your second.
453,453,2024-06-12,Very Satisfied,Very Dissatisfied,Disengaged,Friendly,Friendly,Wall common successful sound spend woman it ready television all later almost my drug turn.
454,454,2024-12-30,Dissatisfied,Satisfied,Somewhat Engaged,Cold,Neutral,
455,455,2025-01-07,Very Satisfied,Very Dissatisfied,Neutral,Hostile,Hostile,
456,456,2024-04-08,Very Dissatisfied,Dissatisfied,Highly Engaged,Neutral,Magically Bonded,Player let method project happen amount TV body explain table thing our.
457,457,2024-04-04,Satisfied,Very Satisfied,Highly Engaged,Friendly,Cold,
458,458,2024-12-11,Very Dissatisfied,Very Satisfied,Highly Engaged,Friendly,Neutral,
459,459,2024-10-21,Very Dissatisfied,Very Dissatisfied,Highly Engaged,Neutral,Magically Bonded,Few prepare rest door single agree record clearly impact early husband manager effort public.
460,460,2024-11-12,Neutral,Dissatisfied,Highly Engaged,Neutral,Friendly,Late boy media financial might scene political war shoulder type.
461,461,2024-07-05,Very Dissatisfied,Neutral,Highly Engaged,Magically Bonded,Magically Bonded,
462,462,2024-10-02,Satisfied,Very Satisfied,Highly Engaged,Cold,Friendly,Open between I fire any mind view better seven less back bring us treat hit where.
463,463,2024-08-27,Very Dissatisfied,Dissatisfied,Engaged,Neutral,Friendly,Rate tax which Congress it marriage truth trade subject leg line build behavior management best of.
464,464,2024-08-06,Very Satisfied,Dissatisfied,Highly Engaged,Cold,Hostile,
465,465,2024-08-23,Satisfied,Dissatisfied,Engaged,Neutral,Neutral,
466,466,2024-12-14,Satisfied,Very Satisfied,Neutral,Magically Bonded,Friendly,
467,467,2025-01-18,Neutral,Very Dissatisfied,Neutral,Cold,Hostile,
468,468,2024-05-01,Very Satisfied,Very Satisfied,Highly Engaged,Cold,Friendly,
469,469,2024-04-21,Satisfied,Dissatisfied,Highly Engaged,Neutral,Cold,
470,470,2025-01-24,Very Dissatisfied,Very Satisfied,Highly Engaged,Hostile,Magically Bonded,Sing history agency agency example grow board force others nature research.
471,471,2024-09-10,Dissatisfied,Very Dissatisfied,Engaged,Friendly,Hostile,
472,472,2024-07-02,Very Satisfied,Very Dissatisfied,Highly Engaged,Neutral,Cold,
473,473,2025-03-30,Very Satisfied,Satisfied,Highly Engaged,Friendly,Magically Bonded,
474,474,2024-09-02,Very Satisfied,Dissatisfied,Highly Engaged,Hostile,Cold,
475,475,2024-11-08,Very Satisfied,Dissatisfied,Disengaged,Friendly,Cold,
476,476,2024-07-13,Satisfied,Neutral,Highly Engaged,Neutral,Cold,Challenge prevent top page writer current true long again right parent.
477,477,2024-10-14,Neutral,Neutral,Engaged,Friendly,Hostile,
478,478,2024-12-30,Dissatisfied,Very Dissatisfied,Engaged,Hostile,Hostile,
479,479,2024-11-12,Very Satisfied,Very Satisfied,Disengaged,Magically Bonded,Cold,Feeling money represent deep computer stock because system person raise price believe exactly idea opportunity.
480,480,2025-03-27,Very Satisfied,Satisfied,Neutral,Neutral,Magically Bonded,
481,481,2025-01-27,Dissatisfied,Dissatisfied,Highly Engaged,Cold,Neutral,
482,482,2025-03-22,Very Satisfied,Very Satisfied,Engaged,Cold,Cold,Resource speech cover someone summer phone good.
483,483,2024-05-26,Satisfied,Very Satisfied,Neutral,Friendly,Hostile,
484,484,2024-11-09,Very Satisfied,Very Dissatisfied,Engaged,Friendly,Friendly,
485,485,2025-02-10,Neutral,Neutral,Highly Engaged,Friendly,Hostile,Among before floor individual newspaper treatment man dog always consumer chance.
486,486,2024-05-30,Very Dissatisfied,Dissatisfied,Disengaged,Cold,Neutral,Ask manage short blood station tree general.
487,487,2024-05-03,Dissatisfied,Dissatisfied,Highly Engaged,Magically Bonded,Neutral,
488,488,2024-04-21,Neutral,Satisfied,Highly Engaged,Friendly,Neutral,
489,489,2024-04-27,Very Satisfied,Very Dissatisfied,Engaged,Hostile,Cold,
490,490,2024-05-30,Very Satisfied,Very Dissatisfied,Highly Engaged,Friendly,Hostile,
491,491,2025-03-02,Very Dissatisfied,Neutral,Somewhat Engaged,Hostile,Magically Bonded,
492,492,2025-01-31,Satisfied,Satisfied,Disengaged,Cold,Hostile,Region buy computer dark some end value ready mouth anyone any group available expert box Mrs.
493,493,2025-03-30,Very Satisfied,Very Dissatisfied,Neutral,Neutral,Neutral,
494,494,2025-01-21,Dissatisfied,Dissatisfied,Neutral,Neutral,Cold,
495,495,2024-06-18,Dissatisfied,Very Dissatisfied,Highly Engaged,Neutral,Magically Bonded,
496,496,2025-03-27,Very Dissatisfied,Satisfied,Somewhat Engaged,Hostile,Magically Bonded,
497,497,2024-06-13,Satisfied,Satisfied,Disengaged,Cold,Hostile,
498,498,2024-08-21,Very Satisfied,Very Dissatisfied,Highly Engaged,Hostile,Hostile,
499,499,2024-12-28,Very Dissatisfied,Very Satisfied,Somewhat Engaged,Neutral,Neutral,Marriage carry black member apply various least on environment attention when society.
500,500,2024-11-07,Very Dissatisfied,Satisfied,Highly Engaged,Cold,Friendly,
501,501,2024-11-03,Very Satisfied,Very Satisfied,Engaged,Hostile,Magically Bonded,
502,502,2024-12-24,Neutral,Very Satisfied,Highly Engaged,Cold,Friendly,Present reflect often often guess black candidate sell all relationship pay hold.
503,503,2024-10-20,Very Dissatisfied,Dissatisfied,Disengaged,Cold,Friendly,
504,504,2024-07-09,Very Dissatisfied,Very Dissatisfied,Somewhat Engaged,Friendly,Friendly,
505,505,2024-10-10,Very Dissatisfied,Neutral,Somewhat Engaged,Hostile,Neutral,
506,506,2024-04-25,Very Dissatisfied,Satisfied,Somewhat Engaged,Cold,Cold,
507,507,2024-08-13,Very Dissatisfied,Very Dissatisfied,Highly Engaged,Cold,Friendly,
508,508,2024-08-24,Dissatisfied,Neutral,Engaged,Magically Bonded,Friendly,
509,509,2024-05-29,Satisfied,Satisfied,Disengaged,Magically Bonded,Neutral,
510,510,2025-01-31,Very Satisfied,Very Satisfied,Somewhat Engaged,Neutral,Hostile,
511,511,2024-11-23,Dissatisfied,Dissatisfied,Somewhat Engaged,Neutral,Hostile,Know yourself ten city boy foreign case.
512,512,2024-05-14,Neutral,Dissatisfied,Neutral,Magically Bonded,Magically Bonded,
513,513,2024-04-05,Very Dissatisfied,Satisfied,Neutral,Magically Bonded,Magically Bonded,Safe accept international statement believe down western.
514,514,2024-05-01,Very Dissatisfied,Satisfied,Engaged,Friendly,Cold,
515,515,2024-06-07,Very Dissatisfied,Neutral,Neutral,Hostile,Magically Bonded,
516,516,2024-12-12,Dissatisfied,Very Dissatisfied,Engaged,Neutral,Hostile,Person maybe vote senior arrive hospital dream future get institution charge place security but parent window.
517,517,2024-05-15,Dissatisfied,Very Dissatisfied,Disengaged,Hostile,Magically Bonded,
518,518,2024-11-19,Very Dissatisfied,Satisfied,Disengaged,Cold,Neutral,
519,519,2024-12-05,Dissatisfied,Very Dissatisfied,Neutral,Magically Bonded,Magically Bonded,
520,520,2024-12-31,Dissatisfied,Satisfied,Highly Engaged,Neutral,Friendly,Truth most explain simple help maintain worker final least hour debate inside challenge test game lawyer.
521,521,2025-01-09,Neutral,Neutral,Engaged,Magically Bonded,Friendly,
522,522,2025-01-24,Satisfied,Very Satisfied,Disengaged,Cold,Cold,
523,523,2024-08-20,Very Dissatisfied,Neutral,Engaged,Magically Bonded,Cold,Try trouble indeed behind today research player.
524,524,2025-03-24,Dissatisfied,Neutral,Neutral,Magically Bonded,Hostile,Million learn store around discussion keep course they.
525,525,2025-03-23,Dissatisfied,Neutral,Somewhat Engaged,Magically Bonded,Magically Bonded,
526,526,2024-08-19,Very Dissatisfied,Dissatisfied,Disengaged,Friendly,Neutral,
527,527,2024-04-23,Dissatisfied,Satisfied,Somewhat Engaged,Friendly,Magically Bonded,
528,528,2024-04-03,Very Dissatisfied,Satisfied,Somewhat Engaged,Neutral,Cold,
529,529,2025-01-10,Dissatisfied,Neutral,Disengaged,Friendly,Neutral,
530,530,2025-02-21,Neutral,Very Satisfied,Neutral,Neutral,Friendly,
531,531,2024-06-10,Dissatisfied,Satisfied,Disengaged,Magically Bonded,Magically Bonded,
532,532,2024-10-15,Dissatisfied,Very Satisfied,Somewhat Engaged,Neutral,Friendly,
533,533,2024-11-06,Very Dissatisfied,Very Satisfied,Disengaged,Friendly,Friendly,
534,534,2024-10-06,Very Satisfied,Dissatisfied,Engaged,Neutral,Cold,
535,535,2024-12-25,Very Dissatisfied,Dissatisfied,Engaged,Friendly,Cold,Fact participant authority sing half say information and.
536,536,2024-04-01,Satisfied,Very Satisfied,Somewhat Engaged,Friendly,Magically Bonded,
537,537,2024-04-03,Neutral,Satisfied,Somewhat Engaged,Friendly,Neutral,
538,538,2024-06-07,Very Satisfied,Dissatisfied,Engaged,Neutral,Friendly,
539,539,2024-11-07,Very Satisfied,Neutral,Disengaged,Magically Bonded,Friendly,
540,540,2024-12-27,Satisfied,Very Satisfied,Disengaged,Friendly,Friendly,Child weight issue argue second list these few hot political tend economic will subject yes form.
541,541,2024-10-07,Very Satisfied,Neutral,Engaged,Friendly,Hostile,Decision stuff crime late fast owner test product.
542,542,2024-09-23,Very Satisfied,Very Satisfied,Highly Engaged,Hostile,Cold,Oil base follow remain tell our build meet beyond.
543,543,2024-12-21,Very Dissatisfied,Very Dissatisfied,Engaged,Cold,Magically Bonded,
544,544,2024-07-08,Satisfied,Very Dissatisfied,Disengaged,Neutral,Magically Bonded,
545,545,2025-01-29,Dissatisfied,Very Satisfied,Highly Engaged,Neutral,Neutral,Them within push Mrs operation strategy order away development military dog nature physical live.
546,546,2025-03-31,Neutral,Very Satisfied,Highly Engaged,Hostile,Cold,
547,547,2024-10-23,Dissatisfied,Satisfied,Somewhat Engaged,Hostile,Friendly,
548,548,2024-09-02,Very Dissatisfied,Very Satisfied,Engaged,Hostile,Hostile,
549,549,2024-11-17,Neutral,Dissatisfied,Neutral,Cold,Cold,
550,550,2024-11-12,Very Satisfied,Neutral,Engaged,Magically Bonded,Magically Bonded,
551,551,2025-01-18,Very Dissatisfied,Neutral,Somewhat Engaged,Friendly,Hostile,Authority early already involve war score young chair still maybe card order small notice young.
552,552,2024-07-15,Dissatisfied,Neutral,Neutral,Cold,Hostile,
553,553,2024-06-03,Neutral,Very Dissatisfied,Engaged,Friendly,Cold,
554,554,2024-10-13,Dissatisfied,Very Satisfied,Neutral,Friendly,Cold,
555,555,2024-11-16,Very Satisfied,Very Dissatisfied,Highly Engaged,Cold,Magically Bonded,Discuss just window through media reflect if which within forward development bring into television.
556,556,2024-12-14,Satisfied,Dissatisfied,Highly Engaged,Cold,Hostile,
557,557,2024-06-13,Very Dissatisfied,Neutral,Disengaged,Magically Bonded,Cold,Pattern sit audience school will kitchen mention certainly general wish.
558,558,2024-12-01,Very Satisfied,Dissatisfied,Engaged,Hostile,Neutral,
559,559,2024-11-12,Very Dissatisfied,Dissatisfied,Somewhat Engaged,Cold,Cold,
560,560,2024-11-02,Satisfied,Neutral,Highly Engaged,Magically Bonded,Neutral,
561,561,2024-09-30,Very Satisfied,Satisfied,Somewhat Engaged,Hostile,Cold,
562,562,2025-03-06,Very Dissatisfied,Very Satisfied,Disengaged,Friendly,Hostile,
563,563,2024-06-06,Neutral,Very Satisfied,Highly Engaged,Hostile,Cold,Language direction plant this act when important score light water under expect upon ball.
564,564,2024-10-26,Dissatisfied,Satisfied,Neutral,Friendly,Neutral,
565,565,2024-07-22,Very Dissatisfied,Very Satisfied,Highly Engaged,Neutral,Friendly,
566,566,2025-03-19,Satisfied,Neutral,Highly Engaged,Magically Bonded,Neutral,Determine start final also kid difficult concern candidate service goal article care part Mrs science.
567,567,2024-04-03,Neutral,Dissatisfied,Highly Engaged,Hostile,Neutral,
568,568,2024-05-24,Very Satisfied,Very Dissatisfied,Engaged,Cold,Hostile,
569,569,2024-12-20,Satisfied,Satisfied,Disengaged,Friendly,Neutral,My spend chair second situation line evening word quickly pull think.
570,570,2024-05-28,Neutral,Neutral,Disengaged,Hostile,Friendly,
571,571,2024-11-10,Satisfied,Neutral,Neutral,Neutral,Neutral,
572,572,2024-05-08,Dissatisfied,Very Dissatisfied,Disengaged,Cold,Magically Bonded,
573,573,2024-11-26,Satisfied,Very Satisfied,Disengaged,Neutral,Friendly,
574,574,2024-08-19,Very Dissatisfied,Very Satisfied,Highly Engaged,Magically Bonded,Hostile,
575,575,2024-08-11,Neutral,Satisfied,Somewhat Engaged,Neutral,Hostile,
576,576,2025-03-25,Dissatisfied,Very Satisfied,Highly Engaged,Hostile,Magically Bonded,End individual agency modern catch wait bag.
577,577,2024-12-07,Satisfied,Very Dissatisfied,Engaged,Hostile,Friendly,Manager usually media cut card at toward member change customer community.
578,578,2024-04-09,Neutral,Very Satisfied,Somewhat Engaged,Cold,Hostile,
579,579,2024-12-23,Dissatisfied,Neutral,Disengaged,Magically Bonded,Friendly,
580,580,2024-08-11,Neutral,Dissatisfied,Disengaged,Neutral,Magically Bonded,
581,581,2024-06-03,Dissatisfied,Neutral,Engaged,Hostile,Hostile,Price focus question size if live fire live store option investment after involve foreign offer treatment.
582,582,2025-03-23,Dissatisfied,Neutral,Highly Engaged,Magically Bonded,Magically Bonded,
583,583,2024-12-17,Neutral,Very Satisfied,Somewhat Engaged,Friendly,Cold,Dark describe floor fill position evidence rate his worry exactly lead scientist through general start.
584,584,2025-02-23,Very Dissatisfied,Dissatisfied,Neutral,Friendly,Friendly,However rather ago shoulder protect offer TV within you hit knowledge allow common.
585,585,2025-03-09,Very Dissatisfied,Satisfied,Neutral,Cold,Neutral,
586,586,2024-04-14,Very Satisfied,Very Dissatisfied,Somewhat Engaged,Cold,Magically Bonded,Ask budget news lot dog develop morning world force right summer act perhaps suddenly.
587,587,2025-04-01,Satisfied,Very Dissatisfied,Somewhat Engaged,Cold,Hostile,
588,588,2024-06-14,Very Satisfied,Very Satisfied,Somewhat Engaged,Neutral,Hostile,
589,589,2025-02-27,Neutral,Satisfied,Highly Engaged,Cold,Hostile,Program have food in factor carry like approach want somebody assume fire I.
590,590,2025-03-15,Dissatisfied,Very Satisfied,Highly Engaged,Neutral,Magically Bonded,
591,591,2025-01-03,Satisfied,Satisfied,Neutral,Magically Bonded,Friendly,
592,592,2024-09-22,Neutral,Very Dissatisfied,Engaged,Friendly,Friendly,Place central will difference almost billion take any clear feel several time little.
593,593,2024-05-31,Very Dissatisfied,Satisfied,Neutral,Cold,Neutral,Base buy cover score nation improve you exactly.
594,594,2025-04-01,Very Dissatisfied,Satisfied,Engaged,Neutral,Hostile,
595,595,2024-09-04,Satisfied,Very Satisfied,Neutral,Hostile,Neutral,
596,596,2024-06-27,Neutral,Very Dissatisfied,Somewhat Engaged,Magically Bonded,Friendly,Thousand about always relationship such direction firm girl range drug notice decision side who.
597,597,2024-10-17,Neutral,Very Dissatisfied,Highly Engaged,Magically Bonded,Hostile,
598,598,2024-11-28,Very Satisfied,Very Dissatisfied,Neutral,Neutral,Magically Bonded,City could consider because blood a from coach term.
599,599,2024-10-23,Very Satisfied,Satisfied,Neutral,Magically Bonded,Cold,
600,600,2024-05-01,Very Satisfied,Satisfied,Disengaged,Hostile,Neutral,
601,601,2024-09-26,Neutral,Neutral,Highly Engaged,Cold,Cold,
602,602,2025-01-18,Dissatisfied,Very Dissatisfied,Disengaged,Cold,Magically Bonded,
603,603,2024-10-07,Satisfied,Dissatisfied,Neutral,Friendly,Hostile,Above should light central affect under cold.
604,604,2025-02-04,Dissatisfied,Dissatisfied,Somewhat Engaged,Cold,Cold,
605,605,2024-07-09,Very Dissatisfied,Neutral,Disengaged,Magically Bonded,Magically Bonded,Page southern series degree attorney morning visit.
606,606,2024-05-08,Dissatisfied,Very Satisfied,Highly Engaged,Friendly,Cold,
607,607,2025-01-19,Dissatisfied,Dissatisfied,Neutral,Cold,Neutral,
608,608,2024-11-22,Satisfied,Satisfied,Somewhat Engaged,Hostile,Neutral,
609,609,2024-05-11,Satisfied,Neutral,Neutral,Magically Bonded,Friendly,
610,610,2024-12-02,Dissatisfied,Very Satisfied,Disengaged,Magically Bonded,Friendly,
611,611,2024-05-23,Neutral,Dissatisfied,Somewhat Engaged,Cold,Hostile,
612,612,2024-11-02,Very Dissatisfied,Very Satisfied,Engaged,Cold,Cold,
613,613,2024-10-24,Neutral,Neutral,Highly Engaged,Friendly,Cold,
614,614,2025-01-11,Very Dissatisfied,Very Satisfied,Neutral,Magically Bonded,Neutral,
615,615,2024-05-14,Very Dissatisfied,Neutral,Neutral,Friendly,Magically Bonded,
616,616,2025-02-04,Very Satisfied,Neutral,Engaged,Magically Bonded,Magically Bonded,Mean east wall senior give toward matter film perform.
617,617,2025-03-21,Very Dissatisfied,Very Satisfied,Highly Engaged,Hostile,Hostile,
618,618,2024-08-10,Satisfied,Very Satisfied,Neutral,Cold,Cold,
619,619,2024-08-21,Satisfied,Dissatisfied,Neutral,Hostile,Neutral,
620,620,2025-01-29,Satisfied,Dissatisfied,Engaged,Hostile,Friendly,
621,621,2024-08-09,Very Satisfied,Dissatisfied,Somewhat Engaged,Hostile,Magically Bonded,
622,622,2024-11-12,Very Satisfied,Neutral,Somewhat Engaged,Magically Bonded,Neutral,Like family share mind respond degree others modern.
623,623,2024-04-27,Very Satisfied,Satisfied,Engaged,Neutral,Neutral,
624,624,2024-11-13,Very Satisfied,Very Satisfied,Somewhat Engaged,Neutral,Magically Bonded,
625,625,2024-08-26,Very Dissatisfied,Dissatisfied,Neutral,Hostile,Neutral,Human sister next tax medical yeah third international line respond body amount edge all him four.
626,626,2024-04-05,Satisfied,Very Satisfied,Engaged,Hostile,Magically Bonded,
627,627,2025-01-17,Very Satisfied,Neutral,Disengaged,Cold,Neutral,Lot indicate quickly visit police mother scientist key traditional instead lay recently cell.
628,628,2025-01-15,Very Dissatisfied,Very Dissatisfied,Somewhat Engaged,Hostile,Neutral,
629,629,2024-05-28,Satisfied,Very Dissatisfied,Engaged,Hostile,Cold,Bag learn social large difficult turn interview central future former top rather community fill.
630,630,2024-10-07,Very Satisfied,Neutral,Disengaged,Friendly,Cold,Will value cold forget rule can oil someone sure energy board long mention until trip where.
631,631,2024-06-29,Very Satisfied,Very Dissatisfied,Highly Engaged,Neutral,Hostile,Drive stage growth environment find garden career owner section hear.
632,632,2024-07-15,Dissatisfied,Neutral,Disengaged,Friendly,Magically Bonded,
633,633,2024-10-23,Satisfied,Satisfied,Somewhat Engaged,Cold,Magically Bonded,Send blood able dream apply marriage join.
634,634,2024-10-13,Very Dissatisfied,Very Dissatisfied,Neutral,Friendly,Cold,
635,635,2024-05-06,Satisfied,Dissatisfied,Somewhat Engaged,Friendly,Magically Bonded,
636,636,2025-02-04,Very Dissatisfied,Very Satisfied,Highly Engaged,Cold,Cold,It enough front us window as reach wait theory hard security interview language box.
637,637,2024-05-01,Very Satisfied,Very Dissatisfied,Highly Engaged,Friendly,Friendly,
638,638,2024-06-10,Very Satisfied,Satisfied,Engaged,Cold,Friendly,
639,639,2024-08-17,Satisfied,Satisfied,Disengaged,Friendly,Neutral,Authority fact mind age industry four yard almost despite least as forward.
640,640,2024-12-22,Neutral,Neutral,Highly Engaged,Hostile,Magically Bonded,Specific today decade staff form language really usually consider rate music state sound society poor home.
641,641,2024-10-19,Neutral,Very Satisfied,Neutral,Friendly,Magically Bonded,
642,642,2024-05-20,Very Dissatisfied,Dissatisfied,Engaged,Friendly,Cold,
643,643,2024-07-01,Satisfied,Neutral,Neutral,Neutral,Magically Bonded,
644,644,2024-04-28,Dissatisfied,Dissatisfied,Somewhat Engaged,Cold,Neutral,After leader employee defense body at physical his many sport need.
645,645,2025-03-24,Very Satisfied,Neutral,Neutral,Magically Bonded,Cold,
646,646,2024-10-08,Dissatisfied,Very Dissatisfied,Somewhat Engaged,Cold,Hostile,Economy nice hit include task fact nice grow watch middle politics.
647,647,2024-05-25,Neutral,Very Satisfied,Disengaged,Neutral,Magically Bonded,
648,648,2024-10-14,Satisfied,Very Satisfied,Disengaged,Neutral,Magically Bonded,
649,649,2024-10-25,Very Satisfied,Very Dissatisfied,Somewhat Engaged,Friendly,Magically Bonded,Top organization home property among use front current off understand fire most draw new green.
650,650,2024-10-12,Neutral,Dissatisfied,Highly Engaged,Cold,Friendly,
651,651,2025-03-14,Very Dissatisfied,Dissatisfied,Neutral,Hostile,Magically Bonded,
652,652,2024-05-25,Very Satisfied,Very Satisfied,Disengaged,Cold,Hostile,Manager science race mean pick media size magazine north entire stuff pretty mother report husband.
653,653,2024-04-25,Neutral,Neutral,Neutral,Friendly,Neutral,
654,654,2024-05-08,Dissatisfied,Neutral,Highly Engaged,Friendly,Neutral,
655,655,2024-09-21,Satisfied,Neutral,Engaged,Magically Bonded,Magically Bonded,
656,656,2024-11-13,Dissatisfied,Very Satisfied,Somewhat Engaged,Neutral,Cold,
657,657,2024-05-24,Dissatisfied,Neutral,Somewhat Engaged,Friendly,Magically Bonded,
658,658,2024-10-16,Very Dissatisfied,Dissatisfied,Engaged,Neutral,Neutral,
659,659,2024-11-26,Satisfied,Very Satisfied,Neutral,Hostile,Friendly,
660,660,2025-01-17,Neutral,Very Dissatisfied,Disengaged,Magically Bonded,Neutral,
661,661,2025-03-12,Neutral,Neutral,Highly Engaged,Neutral,Cold,
662,662,2024-09-21,Neutral,Dissatisfied,Somewhat Engaged,Cold,Cold,
663,663,2024-10-29,Very Dissatisfied,Very Dissatisfied,Disengaged,Neutral,Neutral,
664,664,2025-02-01,Satisfied,Neutral,Engaged,Hostile,Magically Bonded,
665,665,2024-05-31,Satisfied,Very Satisfied,Somewhat Engaged,Cold,Friendly,
666,666,2024-04-21,Satisfied,Very Satisfied,Somewhat Engaged,Hostile,Hostile,
667,667,2024-11-05,Satisfied,Dissatisfied,Engaged,Neutral,Friendly,
668,668,2024-10-11,Very Dissatisfied,Very Dissatisfied,Engaged,Hostile,Neutral,
669,669,2025-02-21,Satisfied,Dissatisfied,Engaged,Neutral,Neutral,School economic over approach few arm future might situation citizen home pattern simple particular.
670,670,2025-01-19,Dissatisfied,Satisfied,Somewhat Engaged,Cold,Cold,Partner cup two here manager Mr father wrong specific reduce.
671,671,2025-01-10,Very Satisfied,Neutral,Neutral,Magically Bonded,Cold,Writer dark break land course care daughter able heart along especially develop above remain.
672,672,2024-09-13,Very Satisfied,Very Dissatisfied,Somewhat Engaged,Friendly,Cold,
673,673,2025-03-09,Neutral,Neutral,Disengaged,Cold,Magically Bonded,Investment can offer answer its idea physical foot develop keep return.
674,674,2024-06-29,Dissatisfied,Very Satisfied,Disengaged,Neutral,Cold,
675,675,2024-11-20,Neutral,Dissatisfied,Somewhat Engaged,Neutral,Hostile,While determine ten together born more quickly difficult evening pick push movement.
676,676,2024-05-30,Neutral,Very Dissatisfied,Engaged,Hostile,Neutral,
677,677,2024-04-10,Dissatisfied,Neutral,Engaged,Neutral,Friendly,
678,678,2025-01-16,Very Dissatisfied,Very Satisfied,Highly Engaged,Hostile,Neutral,Understand business listen beat professor start these perform five after research future point.
679,679,2024-06-10,Satisfied,Neutral,Highly Engaged,Cold,Hostile,Hour rise indicate he four much some measure maintain our above young before century allow give.
680,680,2024-07-23,Very Dissatisfied,Neutral,Highly Engaged,Magically Bonded,Friendly,
681,681,2024-10-28,Neutral,Dissatisfied,Neutral,Neutral,Cold,
682,682,2024-05-22,Neutral,Very Satisfied,Highly Engaged,Friendly,Hostile,
683,683,2024-10-06,Very Satisfied,Neutral,Somewhat Engaged,Cold,Neutral,Page couple enjoy professor thought fire civil mind line above single particularly such.
684,684,2024-05-31,Satisfied,Satisfied,Somewhat Engaged,Cold,Hostile,
685,685,2024-06-08,Satisfied,Very Satisfied,Somewhat Engaged,Hostile,Hostile,
686,686,2024-12-10,Very Satisfied,Neutral,Neutral,Friendly,Hostile,
687,687,2025-02-15,Very Satisfied,Neutral,Neutral,Magically Bonded,Hostile,
688,688,2024-08-15,Very Dissatisfied,Satisfied,Disengaged,Cold,Neutral,
689,689,2025-03-02,Dissatisfied,Very Dissatisfied,Neutral,Neutral,Cold,Past word consumer deep international according yard mention her democratic focus.
690,690,2024-11-08,Neutral,Neutral,Somewhat Engaged,Hostile,Friendly,
691,691,2024-11-27,Neutral,Satisfied,Somewhat Engaged,Magically Bonded,Cold,
692,692,2024-10-27,Neutral,Very Dissatisfied,Highly Engaged,Friendly,Neutral,
693,693,2024-10-04,Satisfied,Neutral,Highly Engaged,Neutral,Cold,Certain get inside system difficult blue increase choice not box drop weight mind mother body.
694,694,2024-11-26,Very Dissatisfied,Satisfied,Neutral,Neutral,Magically Bonded,
695,695,2025-03-24,Very Satisfied,Neutral,Engaged,Neutral,Neutral,
696,696,2024-05-08,Very Satisfied,Dissatisfied,Highly Engaged,Neutral,Magically Bonded,
697,697,2024-11-04,Very Dissatisfied,Neutral,Neutral,Magically Bonded,Friendly,Whose bar often economy government be travel order off follow.
698,698,2024-08-27,Neutral,Satisfied,Highly Engaged,Hostile,Magically Bonded,
699,699,2024-06-24,Very Dissatisfied,Very Satisfied,Engaged,Friendly,Cold,
700,700,2024-11-15,Neutral,Satisfied,Neutral,Neutral,Hostile,
701,701,2024-04-01,Dissatisfied,Neutral,Highly Engaged,Cold,Cold,
702,702,2024-10-26,Satisfied,Very Dissatisfied,Neutral,Neutral,Neutral,Bag quality special young available pressure management money.
703,703,2024-09-14,Dissatisfied,Very Dissatisfied,Somewhat Engaged,Hostile,Magically Bonded,
704,704,2024-05-11,Very Satisfied,Dissatisfied,Disengaged,Neutral,Friendly,Challenge item although question gun affect doctor kind down important.
705,705,2024-05-04,Neutral,Satisfied,Highly Engaged,Cold,Friendly,
706,706,2024-05-24,Neutral,Dissatisfied,Neutral,Magically Bonded,Neutral,
707,707,2024-08-26,Dissatisfied,Very Dissatisfied,Engaged,Neutral,Magically Bonded,
708,708,2024-04-25,Very Dissatisfied,Dissatisfied,Engaged,Hostile,Magically Bonded,
709,709,2025-02-12,Satisfied,Neutral,Engaged,Neutral,Cold,
710,710,2024-08-21,Neutral,Satisfied,Disengaged,Cold,Cold,
711,711,2025-02-02,Very Satisfied,Very Satisfied,Somewhat Engaged,Neutral,Hostile,
712,712,2025-02-18,Very Dissatisfied,Very Satisfied,Engaged,Friendly,Neutral,
713,713,2024-08-05,Neutral,Satisfied,Highly Engaged,Hostile,Friendly,Themselves him book degree recognize let people woman others want six.
714,714,2025-03-22,Satisfied,Dissatisfied,Engaged,Hostile,Magically Bonded,
715,715,2024-10-16,Very Satisfied,Dissatisfied,Somewhat Engaged,Friendly,Cold,
716,716,2024-12-25,Dissatisfied,Satisfied,Neutral,Neutral,Neutral,
717,717,2025-03-19,Very Dissatisfied,Neutral,Somewhat Engaged,Neutral,Neutral,
718,718,2024-12-20,Very Dissatisfied,Dissatisfied,Engaged,Magically Bonded,Friendly,
719,719,2024-10-25,Neutral,Very Satisfied,Disengaged,Friendly,Magically Bonded,Cup voice behavior speak material surface for many our nature article give bad can dark.
720,720,2024-09-14,Satisfied,Very Satisfied,Engaged,Hostile,Hostile,Across blood knowledge doctor appear many establish recognize produce purpose plan bit laugh.
721,721,2024-06-15,Satisfied,Satisfied,Somewhat Engaged,Magically Bonded,Neutral,
722,722,2024-12-06,Very Dissatisfied,Very Satisfied,Highly Engaged,Cold,Magically Bonded,
723,723,2024-08-19,Satisfied,Satisfied,Disengaged,Friendly,Hostile,
724,724,2024-08-12,Very Dissatisfied,Very Satisfied,Somewhat Engaged,Magically Bonded,Hostile,
725,725,2024-05-20,Neutral,Satisfied,Highly Engaged,Hostile,Cold,
726,726,2025-01-24,Dissatisfied,Satisfied,Highly Engaged,Magically Bonded,Cold,
727,727,2025-02-28,Dissatisfied,Neutral,Disengaged,Friendly,Neutral,
728,728,2024-07-01,Neutral,Very Dissatisfied,Disengaged,Neutral,Friendly,
729,729,2024-06-26,Satisfied,Satisfied,Engaged,Neutral,Hostile,
730,730,2025-02-13,Very Dissatisfied,Neutral,Engaged,Hostile,Neutral,
731,731,2024-05-24,Satisfied,Very Satisfied,Highly Engaged,Hostile,Neutral,Nation father industry than source partner near power indicate.
732,732,2024-06-05,Dissatisfied,Dissatisfied,Somewhat Engaged,Neutral,Cold,Record north wind picture party reflect group shoulder opportunity wait walk long member capital.
733,733,2025-02-24,Very Dissatisfied,Very Dissatisfied,Engaged,Hostile,Cold,
734,734,2024-06-02,Neutral,Very Dissatisfied,Disengaged,Friendly,Neutral,
735,735,2024-08-10,Very Dissatisfied,Neutral,Neutral,Friendly,Magically Bonded,Nor daughter out forward yourself check within memory store manage mission enough lot him wonder section.
736,736,2024-05-06,Very Dissatisfied,Satisfied,Somewhat Engaged,Hostile,Neutral,
737,737,2024-04-17,Very Satisfied,Neutral,Neutral,Cold,Magically Bonded,Somebody whole accept paper design her compare country notice better.
738,738,2024-09-25,Satisfied,Dissatisfied,Neutral,Hostile,Magically Bonded,Tend it opportunity food amount pick should building.
739,739,2024-09-17,Very Dissatisfied,Very Dissatisfied,Disengaged,Friendly,Cold,
740,740,2024-10-11,Satisfied,Neutral,Highly Engaged,Friendly,Hostile,Decade successful them contain forget stop network test expert challenge arrive option treat us huge.
741,741,2024-11-11,Satisfied,Neutral,Engaged,Magically Bonded,Friendly,
742,742,2024-05-02,Very Dissatisfied,Dissatisfied,Neutral,Cold,Magically Bonded,
743,743,2025-03-25,Satisfied,Neutral,Disengaged,Neutral,Cold,
744,744,2024-12-05,Satisfied,Very Dissatisfied,Highly Engaged,Hostile,Neutral,
745,745,2024-11-13,Very Satisfied,Very Dissatisfied,Neutral,Friendly,Neutral,
746,746,2024-04-17,Satisfied,Very Dissatisfied,Highly Engaged,Friendly,Magically Bonded,Others very benefit collection everybody special certain book focus wife.
747,747,2025-03-25,Dissatisfied,Very Satisfied,Neutral,Cold,Neutral,
748,748,2025-03-14,Satisfied,Very Satisfied,Highly Engaged,Cold,Hostile,
749,749,2025-03-15,Very Dissatisfied,Neutral,Somewhat Engaged,Friendly,Hostile,
750,750,2025-02-13,Neutral,Very Dissatisfied,Neutral,Cold,Hostile,Thousand amount military hard she fast election thing occur technology head high.
751,751,2024-06-08,Very Dissatisfied,Satisfied,Highly Engaged,Magically Bonded,Magically Bonded,
752,752,2025-01-13,Very Dissatisfied,Very Satisfied,Somewhat Engaged,Friendly,Friendly,
753,753,2025-03-02,Very Dissatisfied,Dissatisfied,Somewhat Engaged,Cold,Cold,
754,754,2024-09-30,Very Satisfied,Dissatisfied,Neutral,Magically Bonded,Friendly,
755,755,2024-09-25,Neutral,Very Dissatisfied,Engaged,Friendly,Friendly,Drop none organization discussion carry first anything structure well edge.
756,756,2024-08-03,Neutral,Very Dissatisfied,Somewhat Engaged,Cold,Hostile,
757,757,2024-11-13,Very Satisfied,Satisfied,Somewhat Engaged,Magically Bonded,Friendly,
758,758,2024-09-10,Neutral,Very Satisfied,Somewhat Engaged,Magically Bonded,Magically Bonded,
759,759,2024-06-30,Satisfied,Satisfied,Neutral,Magically Bonded,Friendly,
760,760,2024-11-02,Very Satisfied,Dissatisfied,Disengaged,Cold,Magically Bonded,
761,761,2024-05-29,Very Satisfied,Satisfied,Engaged,Friendly,Hostile,
762,762,2025-01-26,Dissatisfied,Very Satisfied,Disengaged,Magically Bonded,Cold,Spend decade go open fine improve customer site style cause new big put democratic.
763,763,2024-09-19,Very Satisfied,Very Dissatisfied,Disengaged,Friendly,Hostile,
764,764,2024-11-03,Satisfied,Neutral,Engaged,Neutral,Hostile,
765,765,2024-12-20,Dissatisfied,Very Dissatisfied,Somewhat Engaged,Cold,Cold,Lay social plant necessary huge five discover cup.
766,766,2024-05-26,Neutral,Very Satisfied,Disengaged,Friendly,Cold,
767,767,2024-08-01,Satisfied,Dissatisfied,Highly Engaged,Hostile,Friendly,Production above firm against board recognize war official direction add eye.
768,768,2024-07-13,Very Satisfied,Very Dissatisfied,Somewhat Engaged,Magically Bonded,Cold,
769,769,2024-10-31,Very Dissatisfied,Neutral,Disengaged,Friendly,Magically Bonded,
770,770,2024-09-17,Very Satisfied,Very Dissatisfied,Neutral,Magically Bonded,Hostile,Day determine rise character focus near to use leg room alone turn radio role street practice.
771,771,2024-08-28,Satisfied,Very Satisfied,Somewhat Engaged,Cold,Neutral,
772,772,2024-11-05,Very Satisfied,Dissatisfied,Neutral,Friendly,Cold,
773,773,2025-03-04,Neutral,Satisfied,Engaged,Friendly,Hostile,
774,774,2025-02-11,Satisfied,Dissatisfied,Disengaged,Magically Bonded,Friendly,
775,775,2024-08-16,Neutral,Neutral,Highly Engaged,Friendly,Friendly,
776,776,2024-11-12,Neutral,Dissatisfied,Engaged,Magically Bonded,Friendly,
777,777,2024-11-16,Dissatisfied,Satisfied,Neutral,Friendly,Cold,
778,778,2024-04-17,Very Dissatisfied,Satisfied,Engaged,Neutral,Magically Bonded,Production to radio guy you check economy final.
779,779,2024-12-13,Very Dissatisfied,Very Dissatisfied,Disengaged,Neutral,Hostile,
780,780,2025-02-15,Neutral,Neutral,Somewhat Engaged,Hostile,Cold,Couple big color out Congress country beyond south blood stage along.
781,781,2025-02-17,Neutral,Very Satisfied,Neutral,Cold,Cold,Walk another table recent same type per professional.
782,782,2024-05-06,Very Dissatisfied,Satisfied,Engaged,Friendly,Friendly,
783,783,2024-04-14,Very Dissatisfied,Very Satisfied,Somewhat Engaged,Cold,Magically Bonded,
784,784,2024-06-16,Very Satisfied,Very Satisfied,Disengaged,Neutral,Cold,Such start face center policy anything relationship report attorney night.
785,785,2024-07-17,Very Dissatisfied,Very Satisfied,Disengaged,Friendly,Hostile,
786,786,2025-02-12,Very Dissatisfied,Very Dissatisfied,Neutral,Hostile,Friendly,Natural teach attorney market degree new his quality build end institution address his.
787,787,2024-04-19,Satisfied,Satisfied,Highly Engaged,Hostile,Neutral,
788,788,2024-06-12,Satisfied,Neutral,Neutral,Neutral,Neutral,
789,789,2025-02-14,Very Dissatisfied,Very Dissatisfied,Engaged,Hostile,Neutral,
790,790,2024-08-22,Very Dissatisfied,Very Dissatisfied,Neutral,Cold,Friendly,Time writer agreement meeting range common particular property career blue go must.
791,791,2025-03-29,Neutral,Satisfied,Neutral,Friendly,Cold,
792,792,2024-12-28,Very Satisfied,Very Dissatisfied,Neutral,Magically Bonded,Friendly,
793,793,2024-04-03,Satisfied,Dissatisfied,Highly Engaged,Neutral,Friendly,
794,794,2024-09-19,Dissatisfied,Very Dissatisfied,Disengaged,Magically Bonded,Cold,
795,795,2024-12-03,Very Satisfied,Dissatisfied,Disengaged,Friendly,Friendly,
796,796,2024-12-02,Very Satisfied,Dissatisfied,Somewhat Engaged,Friendly,Neutral,Culture resource arrive old themselves thought usually travel bag suggest discussion purpose as.
797,797,2025-02-17,Very Dissatisfied,Very Dissatisfied,Highly Engaged,Neutral,Neutral,Understand research bank listen particular break lawyer nothing rule discover kind week choose away.
798,798,2024-04-05,Dissatisfied,Very Dissatisfied,Neutral,Cold,Neutral,Involve another late clear compare sure support important skill yet voice effort production support easy.
799,799,2024-09-19,Satisfied,Very Satisfied,Somewhat Engaged,Cold,Magically Bonded,Small month sure national all along organization new network dream approach quickly surface.
800,800,2024-12-14,Satisfied,Very Satisfied,Somewhat Engaged,Hostile,Magically Bonded,On effect son article city their find audience.
801,801,2025-03-31,Neutral,Neutral,Engaged,Neutral,Magically Bonded,
802,802,2025-03-21,Very Dissatisfied,Very Dissatisfied,Neutral,Neutral,Cold,
803,803,2024-05-10,Dissatisfied,Very Satisfied,Somewhat Engaged,Cold,Hostile,
804,804,2024-07-01,Very Satisfied,Dissatisfied,Disengaged,Friendly,Hostile,
805,805,2024-04-09,Satisfied,Satisfied,Disengaged,Cold,Cold,Energy risk lead much decide everything add firm consider worry report partner food.
806,806,2024-08-01,Neutral,Dissatisfied,Somewhat Engaged,Friendly,Magically Bonded,
807,807,2024-07-25,Satisfied,Satisfied,Highly Engaged,Friendly,Friendly,
808,808,2024-05-20,Very Satisfied,Dissatisfied,Disengaged,Friendly,Cold,
809,809,2024-10-12,Satisfied,Neutral,Engaged,Hostile,Neutral,
810,810,2025-03-15,Satisfied,Very Dissatisfied,Highly Engaged,Neutral,Magically Bonded,Figure month even decide alone around piece full son through their to quickly him moment see.
811,811,2025-03-20,Very Satisfied,Neutral,Engaged,Hostile,Cold,
812,812,2024-09-10,Satisfied,Neutral,Highly Engaged,Neutral,Friendly,Late debate itself almost charge ready rate something first project less year design article.
813,813,2025-02-07,Neutral,Satisfied,Somewhat Engaged,Neutral,Neutral,
814,814,2025-01-29,Dissatisfied,Neutral,Engaged,Hostile,Neutral,
815,815,2024-06-08,Very Satisfied,Very Satisfied,Highly Engaged,Hostile,Hostile,
816,816,2024-06-21,Neutral,Very Dissatisfied,Neutral,Neutral,Cold,
817,817,2024-08-14,Neutral,Very Satisfied,Neutral,Hostile,Hostile,Price south huge ball hot hand leg whole worker election.
818,818,2025-03-18,Very Satisfied,Dissatisfied,Somewhat Engaged,Hostile,Magically Bonded,
819,819,2025-03-31,Satisfied,Very Satisfied,Highly Engaged,Cold,Neutral,
820,820,2025-01-07,Very Satisfied,Dissatisfied,Engaged,Magically Bonded,Neutral,
821,821,2025-03-19,Dissatisfied,Very Dissatisfied,Highly Engaged,Friendly,Hostile,
822,822,2025-01-12,Very Satisfied,Neutral,Highly Engaged,Cold,Hostile,Without heart sound role article seem note thought suggest all new science nation.
823,823,2024-10-01,Very Satisfied,Very Satisfied,Somewhat Engaged,Friendly,Friendly,Trade left Mrs stand moment low almost produce number program top forward several worker huge.
824,824,2024-08-06,Very Satisfied,Neutral,Highly Engaged,Cold,Hostile,
825,825,2024-06-15,Very Satisfied,Dissatisfied,Somewhat Engaged,Hostile,Neutral,Trial process treat wish wish style action space later rock place win us again him.
826,826,2024-05-18,Dissatisfied,Neutral,Highly Engaged,Friendly,Friendly,
827,827,2024-12-08,Satisfied,Very Dissatisfied,Neutral,Friendly,Friendly,
828,828,2024-10-28,Very Dissatisfied,Neutral,Engaged,Cold,Friendly,
829,829,2025-03-30,Satisfied,Satisfied,Engaged,Neutral,Cold,
830,830,2024-08-13,Dissatisfied,Neutral,Engaged,Neutral,Neutral,
831,831,2024-10-22,Very Satisfied,Very Satisfied,Neutral,Cold,Hostile,
832,832,2024-09-24,Dissatisfied,Very Dissatisfied,Neutral,Neutral,Magically Bonded,
833,833,2024-04-08,Very Satisfied,Dissatisfied,Highly Engaged,Magically Bonded,Friendly,
834,834,2025-03-03,Very Satisfied,Dissatisfied,Somewhat Engaged,Cold,Neutral,
835,835,2024-05-26,Dissatisfied,Very Dissatisfied,Engaged,Neutral,Cold,Bring one dream pattern it enjoy various game speech such put.
836,836,2025-03-23,Dissatisfied,Satisfied,Disengaged,Magically Bonded,Neutral,
837,837,2024-04-28,Dissatisfied,Very Satisfied,Engaged,Hostile,Hostile,Lay grow cut environmental power former follow identify.
838,838,2024-09-07,Very Satisfied,Very Dissatisfied,Neutral,Neutral,Magically Bonded,Each next computer above job practice cut beat.
839,839,2024-07-19,Neutral,Very Satisfied,Somewhat Engaged,Neutral,Magically Bonded,
840,840,2024-06-20,Very Satisfied,Very Dissatisfied,Neutral,Cold,Neutral,
841,841,2024-07-20,Satisfied,Very Satisfied,Somewhat Engaged,Cold,Hostile,
842,842,2024-04-16,Very Satisfied,Neutral,Neutral,Friendly,Neutral,
843,843,2025-03-04,Neutral,Satisfied,Highly Engaged,Cold,Hostile,
844,844,2025-02-02,Very Dissatisfied,Dissatisfied,Engaged,Friendly,Friendly,
845,845,2025-02-24,Neutral,Dissatisfied,Engaged,Magically Bonded,Friendly,
846,846,2024-05-09,Dissatisfied,Very Satisfied,Disengaged,Friendly,Cold,
847,847,2024-07-26,Dissatisfied,Dissatisfied,Disengaged,Neutral,Cold,
848,848,2024-05-19,Very Satisfied,Very Satisfied,Engaged,Cold,Hostile,
849,849,2024-05-12,Very Dissatisfied,Satisfied,Disengaged,Cold,Cold,Simply drive case only force cold style today similar control hour.
850,850,2025-01-14,Satisfied,Very Satisfied,Disengaged,Cold,Friendly,
851,851,2024-05-26,Very Satisfied,Dissatisfied,Highly Engaged,Neutral,Hostile,
852,852,2025-03-24,Neutral,Neutral,Somewhat Engaged,Neutral,Cold,
853,853,2024-04-06,Satisfied,Dissatisfied,Somewhat Engaged,Hostile,Friendly,
854,854,2024-04-23,Very Satisfied,Neutral,Highly Engaged,Friendly,Friendly,Choose field data politics forward draw her pretty role language hand law build pretty do.
855,855,2024-12-06,Dissatisfied,Dissatisfied,Somewhat Engaged,Cold,Friendly,
856,856,2025-02-14,Neutral,Very Satisfied,Disengaged,Neutral,Friendly,
857,857,2024-07-05,Very Dissatisfied,Very Satisfied,Somewhat Engaged,Friendly,Hostile,
858,858,2024-04-01,Very Dissatisfied,Satisfied,Highly Engaged,Friendly,Hostile,Public require material adult idea activity three billion left better author down.
859,859,2024-10-11,Very Dissatisfied,Dissatisfied,Somewhat Engaged,Cold,Friendly,
860,860,2024-09-11,Very Satisfied,Dissatisfied,Somewhat Engaged,Cold,Friendly,Southern senior her your accept admit window trade evening cost quality.
861,861,2025-01-16,Dissatisfied,Very Satisfied,Somewhat Engaged,Friendly,Hostile,
862,862,2025-03-19,Very Satisfied,Neutral,Neutral,Hostile,Hostile,
863,863,2025-02-14,Dissatisfied,Satisfied,Highly Engaged,Neutral,Cold,
864,864,2025-01-01,Neutral,Neutral,Neutral,Magically Bonded,Magically Bonded,
865,865,2024-06-24,Very Satisfied,Neutral,Somewhat Engaged,Friendly,Friendly,Animal picture political responsibility activity while commercial a write especially.
866,866,2025-04-01,Very Dissatisfied,Neutral,Somewhat Engaged,Cold,Neutral,Century value him race start trip him page protect movement family wish voice.
867,867,2024-07-16,Neutral,Satisfied,Neutral,Magically Bonded,Friendly,
868,868,2025-01-24,Very Satisfied,Neutral,Highly Engaged,Magically Bonded,Hostile,
869,869,2024-04-04,Very Satisfied,Very Dissatisfied,Highly Engaged,Magically Bonded,Cold,Option executive indeed know although difficult behavior total once.
870,870,2024-10-11,Neutral,Dissatisfied,Engaged,Hostile,Hostile,Activity report occur energy glass evidence turn marriage seven.
871,871,2025-03-17,Neutral,Dissatisfied,Highly Engaged,Friendly,Hostile,Artist war century anything long time similar exist network particular fish event mouth without base.
872,872,2024-04-27,Neutral,Very Satisfied,Somewhat Engaged,Hostile,Neutral,
873,873,2025-03-14,Satisfied,Neutral,Somewhat Engaged,Magically Bonded,Friendly,Billion opportunity return west deal instead follow alone minute play forward play interview message turn.
874,874,2024-05-09,Very Dissatisfied,Neutral,Neutral,Magically Bonded,Magically Bonded,
875,875,2025-02-12,Satisfied,Very Dissatisfied,Engaged,Cold,Magically Bonded,Blood everyone according prepare fine stock ask.
876,876,2024-05-30,Satisfied,Satisfied,Disengaged,Cold,Magically Bonded,Public thing she often bed shoulder action town local debate decade Congress it.
877,877,2024-05-09,Neutral,Very Dissatisfied,Engaged,Cold,Hostile,
878,878,2024-11-10,Dissatisfied,Very Satisfied,Highly Engaged,Friendly,Neutral,Century fire go kid perhaps vote prepare team free people.
879,879,2024-07-29,Very Satisfied,Neutral,Highly Engaged,Neutral,Hostile,
880,880,2024-04-18,Very Satisfied,Neutral,Somewhat Engaged,Neutral,Hostile,
881,881,2024-05-04,Very Satisfied,Very Satisfied,Somewhat Engaged,Neutral,Hostile,
882,882,2024-11-22,Very Dissatisfied,Satisfied,Disengaged,Friendly,Magically Bonded,
883,883,2024-08-26,Very Satisfied,Very Dissatisfied,Somewhat Engaged,Cold,Cold,
884,884,2024-04-01,Neutral,Satisfied,Disengaged,Hostile,Hostile,Consumer science nearly research collection worry really.
885,885,2024-12-15,Dissatisfied,Neutral,Highly Engaged,Friendly,Friendly,
886,886,2024-09-03,Very Satisfied,Very Satisfied,Highly Engaged,Friendly,Magically Bonded,
887,887,2025-01-14,Satisfied,Very Dissatisfied,Engaged,Neutral,Friendly,
888,888,2024-09-16,Dissatisfied,Satisfied,Engaged,Friendly,Cold,
889,889,2024-12-13,Satisfied,Dissatisfied,Highly Engaged,Friendly,Magically Bonded,
890,890,2025-02-16,Dissatisfied,Very Satisfied,Engaged,Hostile,Neutral,
891,891,2024-11-29,Dissatisfied,Dissatisfied,Somewhat Engaged,Hostile,Neutral,
892,892,2024-11-13,Dissatisfied,Satisfied,Engaged,Magically Bonded,Neutral,Involve mother guy nearly suddenly parent help agency long address market hotel edge.
893,893,2025-01-19,Very Satisfied,Very Satisfied,Somewhat Engaged,Hostile,Friendly,
894,894,2024-06-30,Neutral,Very Dissatisfied,Somewhat Engaged,Hostile,Magically Bonded,Oil member guy medical voice far recognize kind new.
895,895,2024-08-31,Neutral,Very Dissatisfied,Neutral,Magically Bonded,Hostile,
896,896,2024-04-22,Very Satisfied,Very Dissatisfied,Engaged,Friendly,Magically Bonded,
897,897,2025-03-16,Dissatisfied,Satisfied,Engaged,Cold,Neutral,Student both but significant up realize technology whole analysis environment recent its can page.
898,898,2024-09-05,Satisfied,Neutral,Neutral,Cold,Magically Bonded,Data reality finish drop tonight project environment pressure nice national buy various situation body force.
899,899,2025-02-07,Dissatisfied,Satisfied,Neutral,Friendly,Friendly,
900,900,2024-06-19,Satisfied,Dissatisfied,Disengaged,Neutral,Neutral,
901,901,2024-10-28,Dissatisfied,Very Satisfied,Highly Engaged,Magically Bonded,Hostile,
902,902,2024-05-02,Neutral,Satisfied,Somewhat Engaged,Magically Bonded,Neutral,
903,903,2024-08-14,Satisfied,Very Satisfied,Somewhat Engaged,Magically Bonded,Hostile,
904,904,2025-02-24,Neutral,Neutral,Neutral,Neutral,Friendly,Player suggest central together remember yeah home could doctor record economic push offer turn say.
905,905,2025-01-23,Dissatisfied,Neutral,Disengaged,Hostile,Hostile,
906,906,2025-02-24,Neutral,Very Dissatisfied,Somewhat Engaged,Friendly,Neutral,
907,907,2025-03-05,Very Dissatisfied,Neutral,Disengaged,Hostile,Cold,
908,908,2025-03-02,Very Satisfied,Satisfied,Somewhat Engaged,Magically Bonded,Friendly,Low believe it environmental her civil environment change heart happy visit these.
909,909,2025-01-04,Very Satisfied,Dissatisfied,Neutral,Friendly,Cold,
910,910,2024-07-03,Very Satisfied,Very Dissatisfied,Somewhat Engaged,Friendly,Neutral,
911,911,2024-12-04,Very Dissatisfied,Satisfied,Disengaged,Neutral,Neutral,
912,912,2025-02-05,Very Satisfied,Very Satisfied,Highly Engaged,Neutral,Magically Bonded,Chair control event describe project source deal require type he standard Congress box life discuss fill.
913,913,2025-02-06,Satisfied,Dissatisfied,Neutral,Friendly,Cold,
914,914,2024-09-11,Satisfied,Very Satisfied,Highly Engaged,Magically Bonded,Friendly,Local away artist after least good power their too southern rather base.
915,915,2024-06-10,Neutral,Neutral,Neutral,Magically Bonded,Magically Bonded,
916,916,2025-02-16,Very Satisfied,Satisfied,Disengaged,Magically Bonded,Magically Bonded,
917,917,2024-06-23,Very Satisfied,Very Dissatisfied,Somewhat Engaged,Neutral,Neutral,
918,918,2024-06-15,Very Dissatisfied,Dissatisfied,Highly Engaged,Hostile,Magically Bonded,Notice truth process purpose let agency development between.
919,919,2024-05-30,Satisfied,Very Dissatisfied,Somewhat Engaged,Cold,Friendly,
920,920,2024-08-09,Satisfied,Very Satisfied,Engaged,Neutral,Neutral,
921,921,2025-01-09,Dissatisfied,Satisfied,Somewhat Engaged,Hostile,Cold,
922,922,2024-05-18,Very Dissatisfied,Satisfied,Neutral,Magically Bonded,Cold,
923,923,2024-08-13,Very Dissatisfied,Neutral,Neutral,Cold,Neutral,Statement require news newspaper coach lay million exactly company actually seven those southern senior civil.
924,924,2024-10-02,Neutral,Very Dissatisfied,Disengaged,Friendly,Cold,Possible state state sit live late specific base debate take boy tax others central eat.
925,925,2024-11-09,Very Dissatisfied,Very Satisfied,Engaged,Friendly,Neutral,
926,926,2025-03-07,Very Dissatisfied,Very Dissatisfied,Neutral,Cold,Cold,Which relate fill who want would worker next police.
927,927,2024-05-07,Dissatisfied,Dissatisfied,Disengaged,Cold,Magically Bonded,
928,928,2025-01-21,Dissatisfied,Very Dissatisfied,Engaged,Neutral,Neutral,Much against administration control commercial moment nothing accept they sing.
929,929,2024-08-11,Dissatisfied,Satisfied,Highly Engaged,Magically Bonded,Cold,Understand trouble government respond catch wife rate cultural cold assume truth fly.
930,930,2025-01-16,Dissatisfied,Dissatisfied,Engaged,Cold,Neutral,
931,931,2025-01-24,Satisfied,Very Satisfied,Disengaged,Hostile,Hostile,
932,932,2025-03-03,Neutral,Very Dissatisfied,Highly Engaged,Magically Bonded,Hostile,
933,933,2025-03-07,Neutral,Very Satisfied,Disengaged,Hostile,Hostile,Same range also husband whole system four make member white conference crime ten area.
934,934,2024-05-31,Very Satisfied,Satisfied,Somewhat Engaged,Friendly,Cold,
935,935,2024-05-29,Very Satisfied,Very Satisfied,Neutral,Magically Bonded,Cold,
936,936,2024-09-25,Neutral,Satisfied,Disengaged,Cold,Neutral,
937,937,2024-08-29,Very Satisfied,Very Satisfied,Somewhat Engaged,Magically Bonded,Hostile,
938,938,2024-06-11,Very Satisfied,Very Dissatisfied,Highly Engaged,Magically Bonded,Magically Bonded,Avoid argue fall live direction establish author responsibility.
939,939,2024-05-30,Dissatisfied,Dissatisfied,Somewhat Engaged,Cold,Hostile,
940,940,2024-09-01,Very Dissatisfied,Dissatisfied,Disengaged,Neutral,Hostile,
941,941,2024-10-13,Dissatisfied,Very Satisfied,Neutral,Friendly,Friendly,
942,942,2024-06-12,Very Satisfied,Dissatisfied,Engaged,Cold,Neutral,Try at provide shoulder standard I their describe cultural too toward.
943,943,2024-09-12,Satisfied,Neutral,Disengaged,Hostile,Magically Bonded,
944,944,2024-11-30,Satisfied,Satisfied,Disengaged,Cold,Friendly,
945,945,2025-03-05,Dissatisfied,Dissatisfied,Neutral,Cold,Magically Bonded,
946,946,2024-04-28,Dissatisfied,Dissatisfied,Engaged,Cold,Hostile,
947,947,2025-03-09,Very Satisfied,Neutral,Neutral,Friendly,Friendly,
948,948,2024-11-19,Dissatisfied,Neutral,Highly Engaged,Hostile,Cold,
949,949,2024-08-28,Neutral,Very Dissatisfied,Somewhat Engaged,Magically Bonded,Hostile,
950,950,2024-04-25,Very Dissatisfied,Dissatisfied,Disengaged,Friendly,Hostile,
951,951,2024-05-11,Neutral,Satisfied,Highly Engaged,Cold,Hostile,
952,952,2024-08-01,Very Satisfied,Dissatisfied,Neutral,Neutral,Neutral,Rate her just stay degree figure image floor investment then theory.
953,953,2024-11-04,Satisfied,Neutral,Disengaged,Neutral,Cold,
954,954,2024-04-26,Very Satisfied,Dissatisfied,Engaged,Cold,Friendly,Many her join front loss word I writer when page best spend.
955,955,2024-10-19,Satisfied,Neutral,Engaged,Hostile,Magically Bonded,Where shoulder simple miss view wide for another federal not market speech space let carry create.
956,956,2024-09-16,Satisfied,Dissatisfied,Highly Engaged,Hostile,Magically Bonded,
957,957,2024-07-08,Very Satisfied,Very Satisfied,Engaged,Magically Bonded,Hostile,Education nothing while arm hotel apply far relate them compare check design necessary.
958,958,2024-10-01,Very Satisfied,Dissatisfied,Disengaged,Magically Bonded,Magically Bonded,Different data where nature figure billion really enough our reach though land.
959,959,2024-12-12,Very Dissatisfied,Dissatisfied,Engaged,Magically Bonded,Friendly,
960,960,2024-07-14,Dissatisfied,Neutral,Somewhat Engaged,Cold,Cold,
961,961,2024-04-03,Very Satisfied,Neutral,Engaged,Cold,Friendly,Skin Republican together ready tree paper give music answer arrive argue sense analysis tree forget.
962,962,2024-04-05,Very Satisfied,Dissatisfied,Highly Engaged,Hostile,Hostile,
963,963,2024-09-07,Satisfied,Dissatisfied,Disengaged,Cold,Hostile,
964,964,2024-12-19,Satisfied,Neutral,Highly Engaged,Hostile,Magically Bonded,
965,965,2024-06-01,Neutral,Neutral,Engaged,Friendly,Friendly,
966,966,2024-06-03,Dissatisfied,Neutral,Engaged,Friendly,Cold,
967,967,2024-05-16,Very Dissatisfied,Very Dissatisfied,Engaged,Cold,Magically Bonded,
968,968,2024-05-07,Dissatisfied,Dissatisfied,Somewhat Engaged,Magically Bonded,Friendly,
969,969,2025-02-15,Satisfied,Dissatisfied,Highly Engaged,Friendly,Cold,Say trial statement few close movement think.
970,970,2024-12-17,Satisfied,Very Satisfied,Highly Engaged,Cold,Friendly,
971,971,2024-12-21,Very Satisfied,Very Satisfied,Highly Engaged,Neutral,Neutral,
972,972,2024-05-19,Neutral,Neutral,Neutral,Friendly,Cold,
973,973,2025-01-11,Dissatisfied,Very Dissatisfied,Disengaged,Magically Bonded,Magically Bonded,
974,974,2024-11-16,Very Dissatisfied,Very Satisfied,Disengaged,Cold,Cold,
975,975,2024-11-25,Dissatisfied,Dissatisfied,Neutral,Hostile,Hostile,
976,976,2024-09-07,Neutral,Neutral,Somewhat Engaged,Magically Bonded,Friendly,
977,977,2024-07-26,Neutral,Very Satisfied,Highly Engaged,Friendly,Hostile,Lot majority point game artist kid right evidence song nearly interest majority.
978,978,2024-06-17,Dissatisfied,Very Dissatisfied,Engaged,Friendly,Hostile,
979,979,2024-04-27,Neutral,Very Satisfied,Highly Engaged,Hostile,Hostile,Meeting board score stuff later alone sport nation according determine control forget town.
980,980,2024-09-18,Satisfied,Satisfied,Somewhat Engaged,Hostile,Friendly,Kind explain community order cut animal read amount man gas.
981,981,2024-11-21,Very Dissatisfied,Dissatisfied,Disengaged,Friendly,Cold,
982,982,2025-03-04,Very Dissatisfied,Neutral,Somewhat Engaged,Friendly,Cold,
983,983,2024-10-18,Dissatisfied,Dissatisfied,Engaged,Neutral,Magically Bonded,
984,984,2024-07-10,Satisfied,Satisfied,Disengaged,Cold,Magically Bonded,
985,985,2024-08-20,Dissatisfied,Neutral,Highly Engaged,Hostile,Friendly,Security expert modern sort doctor data standard management although girl.
986,986,2024-05-14,Dissatisfied,Satisfied,Highly Engaged,Magically Bonded,Cold,
987,987,2025-03-03,Very Satisfied,Neutral,Highly Engaged,Cold,Magically Bonded,
988,988,2024-09-13,Neutral,Satisfied,Highly Engaged,Magically Bonded,Cold,
989,989,2025-01-20,Very Dissatisfied,Very Dissatisfied,Neutral,Friendly,Friendly,
990,990,2024-05-29,Neutral,Dissatisfied,Disengaged,Neutral,Friendly,Care training hear avoid street tonight pull head.
991,991,2024-04-21,Very Dissatisfied,Dissatisfied,Engaged,Hostile,Magically Bonded,
992,992,2025-02-18,Dissatisfied,Dissatisfied,Somewhat Engaged,Magically Bonded,Cold,
993,993,2024-06-28,Satisfied,Satisfied,Disengaged,Magically Bonded,Neutral,Forget worry full state military themselves lot east fly hear.
994,994,2024-06-28,Satisfied,Very Dissatisfied,Somewhat Engaged,Hostile,Hostile,
995,995,2024-08-08,Neutral,Neutral,Somewhat Engaged,Neutral,Hostile,
996,996,2024-06-01,Very Satisfied,Satisfied,Somewhat Engaged,Neutral,Magically Bonded,He mind game understand country participant save near sport cold physical since national.
997,997,2024-10-30,Satisfied,Very Dissatisfied,Somewhat Engaged,Friendly,Hostile,
998,998,2024-05-24,Very Satisfied,Neutral,Disengaged,Neutral,Magically Bonded,
999,999,2024-10-22,Dissatisfied,Satisfied,Disengaged,Cold,Cold,Build medical treatment task know newspaper card brother analysis three shake information however.
1000,1000,2024-05-08,Dissatisfied,Neutral,Disengaged,Hostile,Cold,
